Date,Open,High,Low,Close,Volume
5/7/2018 17:36:00,246183.34,246183.34,246183.34,246183.34,0
5/8/2018 17:36:00,248923.22,248923.22,248923.22,248923.22,0
5/9/2018 17:36:00,249514.05,249514.05,249514.05,249514.05,0
5/11/2018 17:36:00,253319.6,253319.6,253319.6,253319.6,0
5/14/2018 17:36:00,249702.35,249702.35,249702.35,249702.35,0
5/15/2018 17:36:00,251213.62,251213.62,251213.62,251213.62,0
5/16/2018 17:36:00,249966.11,249966.11,249966.11,249966.11,0
5/17/2018 17:36:00,251224.91,251224.91,251224.91,251224.91,0
5/18/2018 17:36:00,251332.27,251332.27,251332.27,251332.27,0
5/22/2018 17:36:00,252157.46,252157.46,252157.46,252157.46,0
5/23/2018 17:36:00,250661.97,250661.97,250661.97,250661.97,0
5/25/2018 17:36:00,250385.94,250385.94,250385.94,250385.94,0
5/28/2018 17:36:00,250768.89,250768.89,250768.89,250768.89,0
5/30/2018 17:36:00,248511.62,248511.62,248511.62,248511.62,0
6/4/2018 17:36:00,248151.8,248151.8,248151.8,248151.8,0
6/5/2018 17:36:00,246109.55,246109.55,246109.55,246109.55,0
6/6/2018 17:36:00,247073.35,247073.35,247073.35,247073.35,0
6/7/2018 17:36:00,247099.71,247099.71,247099.71,247099.71,0
6/8/2018 17:36:00,249404.87,249404.87,249404.87,249404.87,0
6/11/2018 17:36:00,249199.97,249199.97,249199.97,249199.97,0
6/12/2018 17:36:00,248405.38,248405.38,248405.38,248405.38,0
6/13/2018 17:36:00,248215.06,248215.06,248215.06,248215.06,0
6/14/2018 17:36:00,248636.57,248636.57,248636.57,248636.57,0
6/15/2018 17:36:00,247837.6,247837.6,247837.6,247837.6,0
6/18/2018 17:36:00,246908.4,246908.4,246908.4,246908.4,0
6/19/2018 17:36:00,247623.57,247623.57,247623.57,247623.57,0
6/20/2018 17:36:00,246337.28,246337.28,246337.28,246337.28,0
6/22/2018 17:36:00,246630.71,246630.71,246630.71,246630.71,0
6/25/2018 17:36:00,242216.89,242216.89,242216.89,242216.89,0
6/26/2018 17:36:00,243914.76,243914.76,243914.76,243914.76,0
6/27/2018 17:36:00,244202.48,244202.48,244202.48,244202.48,0
6/28/2018 17:36:00,245217.13,245217.13,245217.13,245217.13,0
6/29/2018 17:36:00,246305.49,246305.49,246305.49,246305.49,0
7/2/2018 17:36:00,244719.82,244719.82,244719.82,244719.82,0
7/3/2018 17:36:00,242709.89,242709.89,242709.89,242709.89,0
7/4/2018 17:36:00,242254.88,242254.88,242254.88,242254.88,0
7/5/2018 17:36:00,241677.41,241677.41,241677.41,241677.41,0
7/6/2018 17:36:00,242065.96,242065.96,242065.96,242065.96,0
7/9/2018 17:36:00,243558.96,243558.96,243558.96,243558.96,0
7/10/2018 17:36:00,244976.7,244976.7,244976.7,244976.7,0
7/11/2018 17:36:00,244722.09,244722.09,244722.09,244722.09,0
7/12/2018 17:36:00,245619.34,245619.34,245619.34,245619.34,0
7/13/2018 17:36:00,247860.98,247860.98,247860.98,247860.98,0
7/16/2018 17:36:00,248470.48,248470.48,248470.48,248470.48,0
7/17/2018 17:36:00,247130.01,247130.01,247130.01,247130.01,0
7/18/2018 17:36:00,251374,257956.36,251374,257956.36,2
7/19/2018 17:36:00,258925.87,258925.87,258925.87,258925.87,0
7/20/2018 17:36:00,255271.68,255271.68,255271.68,255271.68,0
7/23/2018 17:36:00,257613.05,257613.05,257613.05,257613.05,0
7/24/2018 17:36:00,259231.71,259231.71,259231.71,259231.71,0
7/25/2018 17:36:00,256585.76,256585.76,256585.76,256585.76,0
7/26/2018 17:36:00,258311.76,258311.76,258311.76,258311.76,0
7/27/2018 17:36:00,259704.28,259704.28,259704.28,259704.28,0
7/30/2018 17:36:00,258983.58,258983.58,258983.58,258983.58,0
7/31/2018 17:36:00,257516.46,257516.46,257516.46,257516.46,0
8/1/2018 17:36:00,258808.77,258808.77,258808.77,258808.77,0
8/2/2018 17:36:00,258307.15,258307.15,258307.15,258307.15,0
8/3/2018 17:36:00,261081.28,261081.28,261081.28,261081.28,0
8/7/2018 17:36:00,272578.05,272578.05,272578.05,272578.05,0
8/8/2018 17:36:00,272683.6,272683.6,272683.6,272683.6,0
8/9/2018 17:36:00,272686.82,272686.82,272686.82,272686.82,0
8/10/2018 17:36:00,273752.61,273752.61,273752.61,273752.61,0
8/13/2018 17:36:00,272637.03,272637.03,272637.03,272637.03,0
8/14/2018 17:36:00,273826,273826,273826,273826,0
8/16/2018 17:36:00,273766.79,273766.79,273766.79,273766.79,0
8/17/2018 17:36:00,275173.06,275173.06,275173.06,275173.06,0
8/20/2018 17:36:00,275227.15,275227.15,275227.15,275227.15,0
8/21/2018 17:36:00,273095.22,273095.22,273095.22,273095.22,0
8/22/2018 17:36:00,269642.62,269642.62,269642.62,269642.62,0
8/23/2018 17:36:00,269833.54,269833.54,269833.54,269833.54,0
8/24/2018 17:36:00,269017.68,269017.68,269017.68,269017.68,0
8/27/2018 17:36:00,270664.99,270664.99,270664.99,270664.99,0
8/28/2018 17:36:00,270531.61,270531.61,270531.61,270531.61,0
8/29/2018 17:36:00,270817.45,270817.45,270817.45,270817.45,0
8/30/2018 17:36:00,271678.92,271678.92,271678.92,271678.92,0
8/31/2018 17:36:00,271881.93,271881.93,271881.93,271881.93,0
9/3/2018 17:36:00,271654.67,271654.67,271654.67,271654.67,0
9/4/2018 17:36:00,273005.76,273005.76,273005.76,273005.76,0
9/5/2018 17:36:00,274489.89,274489.89,274489.89,274489.89,0
9/6/2018 17:36:00,274845.94,274845.94,274845.94,274845.94,0
9/7/2018 17:36:00,278403.31,278403.31,278403.31,278403.31,0
9/10/2018 17:36:00,279927.61,279927.61,279927.61,279927.61,0
9/11/2018 17:36:00,278921.26,278921.26,278921.26,278921.26,0
9/12/2018 17:36:00,277742.06,277742.06,277742.06,277742.06,0
9/13/2018 17:36:00,275980.29,275980.29,275980.29,275980.29,0
9/14/2018 17:36:00,278051.42,278051.42,278051.42,278051.42,0
9/17/2018 17:36:00,277625.14,277625.14,277625.14,277625.14,0
9/18/2018 17:36:00,279576.53,279576.53,279576.53,279576.53,0
9/19/2018 17:36:00,282462.32,282462.32,282462.32,282462.32,0
9/20/2018 17:36:00,284096.98,284096.98,284096.98,284096.98,0
9/21/2018 17:36:00,282408.28,282408.28,282408.28,282408.28,0
9/24/2018 17:36:00,279424.26,279424.26,279424.26,279424.26,0
9/25/2018 17:36:00,278196.4,278196.4,278196.4,278196.4,0
9/26/2018 17:36:00,278017.98,278017.98,278017.98,278017.98,0
9/27/2018 17:36:00,278696.07,278696.07,278696.07,278696.07,0
9/28/2018 17:36:00,278120.19,278120.19,278120.19,278120.19,0
10/1/2018 17:36:00,279115.4,279115.4,279115.4,279115.4,0
10/2/2018 17:36:00,278730.79,278730.79,278730.79,278730.79,0
10/3/2018 17:36:00,281261.29,281261.29,281261.29,281261.29,0
10/4/2018 17:36:00,284447.06,284447.06,284447.06,284447.06,0
10/5/2018 17:36:00,286277.16,286277.16,286277.16,286277.16,0
10/8/2018 17:36:00,289164.25,289164.25,289164.25,289164.25,0
10/9/2018 17:36:00,291300.76,291300.76,291300.76,291300.76,0
10/10/2018 17:36:00,286265.07,286265.07,286265.07,286265.07,0
10/11/2018 17:36:00,269198.82,269198.82,269198.82,269198.82,0
10/12/2018 17:36:00,267284.64,267284.64,267284.64,267284.64,0
10/15/2018 17:36:00,266544.23,266544.23,266544.23,266544.23,0
10/16/2018 17:36:00,272572.36,272572.36,272572.36,272572.36,0
10/17/2018 17:36:00,272195.57,272195.57,272195.57,272195.57,0
10/18/2018 17:36:00,273647.39,273647.39,273647.39,273647.39,0
10/19/2018 17:36:00,274219.62,274219.62,274219.62,274219.62,0
10/23/2018 17:36:00,265634.83,265634.83,265634.83,265634.83,0
10/24/2018 17:36:00,265190.16,265190.16,265190.16,265190.16,0
10/25/2018 17:36:00,266683.02,266683.02,266683.02,266683.02,0
10/29/2018 17:36:00,266652.55,266652.55,266652.55,266652.55,0
10/30/2018 17:36:00,263954.42,263954.42,263954.42,263954.42,0
10/31/2018 17:36:00,273473.22,273473.22,273473.22,273473.22,0
11/2/2018 17:36:00,269165.31,269165.31,269165.31,269165.31,0
11/5/2018 17:36:00,284456.6,284456.6,284456.6,284456.6,0
11/6/2018 17:36:00,285705.52,285705.52,285705.52,285705.52,0
11/7/2018 17:36:00,285944.05,285944.05,285944.05,285944.05,0
11/8/2018 17:36:00,291701.21,291701.21,291701.21,291701.21,0
11/9/2018 17:36:00,290390.24,290390.24,290390.24,290390.24,0
11/12/2018 17:36:00,288345.99,288345.99,288345.99,288345.99,0
11/13/2018 17:36:00,290552.52,290552.52,290552.52,290552.52,0
11/14/2018 17:36:00,287666.89,287666.89,287666.89,287666.89,0
11/15/2018 17:36:00,285025.19,285025.19,285025.19,285025.19,0
11/16/2018 17:36:00,287267.01,287267.01,287267.01,287267.01,0
11/19/2018 17:36:00,284630.97,284630.97,284630.97,284630.97,0
11/20/2018 17:36:00,277618.83,277618.83,277618.83,277618.83,0
11/21/2018 17:36:00,280826.88,280826.88,280826.88,280826.88,0
11/22/2018 17:36:00,278155.67,278155.67,278155.67,278155.67,0
11/23/2018 17:36:00,276541.15,276541.15,276541.15,276541.15,0
11/26/2018 17:36:00,278630.11,278630.11,278630.11,278630.11,0
11/27/2018 17:36:00,282964.17,282964.17,280349,280349,2
11/28/2018 17:36:00,284344.99,284344.99,284344.99,284344.99,0
11/29/2018 17:36:00,287018.88,287018.88,287018.88,287018.88,0
11/30/2018 17:36:00,287883.1,287883.1,287883.1,287883.1,0
12/3/2018 17:36:00,291033.03,291033.03,291033.03,291033.03,0
12/4/2018 17:36:00,286161.04,286161.04,286161.04,286161.04,0
12/5/2018 17:36:00,278382.34,278382.34,278382.34,278382.34,0
12/6/2018 17:36:00,276937.16,276937.16,269001.69,269001.69,2
12/7/2018 17:36:00,270384,270384,270384,270384,0
12/10/2018 17:36:00,264027.62,264027.62,264027.62,264027.62,0
12/11/2018 17:36:00,269621.97,269621.97,269621.97,269621.97,0
12/12/2018 17:36:00,269093.47,269093.47,269093.47,269093.47,0
12/13/2018 17:36:00,267689.06,267689.06,267689.06,267689.06,0
12/14/2018 17:36:00,266175.03,266175.03,266175.03,266175.03,0
12/17/2018 17:36:00,265688.08,265688.08,265688.08,265688.08,0
12/18/2018 17:36:00,260994.75,260994.75,260994.75,260994.75,0
12/19/2018 17:36:00,261331.79,261331.79,261331.79,261331.79,0
12/20/2018 17:36:00,254015.81,254015.81,254015.81,254015.81,0
12/21/2018 17:36:00,257311.58,257311.58,257311.58,257311.58,0
12/27/2018 17:36:00,255870.83,255870.83,255870.83,255870.83,0
1/2/2019 17:36:00,268262.16,268262.16,268262.16,268262.16,0
1/3/2019 17:36:00,254850.97,254850.97,254850.97,254850.97,0
1/4/2019 17:36:00,256392.05,256392.05,256392.05,256392.05,0
1/7/2019 17:36:00,257750.22,257750.22,257750.22,257750.22,0
1/8/2019 17:36:00,256233.5,256233.5,256233.5,256233.5,0
1/9/2019 17:36:00,255907.63,255907.63,255907.63,255907.63,0
1/10/2019 17:36:00,256653.93,256653.93,256653.93,256653.93,0
1/11/2019 17:36:00,255331.96,255331.96,255331.96,255331.96,0
1/14/2019 17:36:00,255861.06,255861.06,255861.06,255861.06,0
1/15/2019 17:36:00,258090.59,258090.59,258090.59,258090.59,0
1/16/2019 17:36:00,260691.43,260691.43,260691.43,260691.43,0
1/18/2019 17:36:00,269416.03,269416.03,269416.03,269416.03,0
1/21/2019 17:36:00,269669,269669,269669,269669,0
1/22/2019 17:36:00,266592.82,266592.82,266592.82,266592.82,0
1/23/2019 17:36:00,262470.12,262470.12,262470.12,262470.12,0
1/24/2019 17:36:00,264824.01,264929.06,264824.01,264929.06,0
1/25/2019 17:36:00,268228.51,268228.51,268228.51,268228.51,0
1/28/2019 17:36:00,262830.61,262830.61,262830.61,262830.61,0
1/29/2019 17:36:00,263640.5,263640.5,263640.5,263640.5,0
1/30/2019 17:36:00,268941.89,268941.89,268941.89,268941.89,0
1/31/2019 17:36:00,271202.25,271202.25,271202.25,271202.25,0
2/1/2019 17:36:00,272972.35,272972.35,272972.35,272972.35,0
2/4/2019 17:36:00,273215.06,273215.06,273215.06,273215.06,0
2/5/2019 17:36:00,272929.92,272929.92,272929.92,272929.92,0
2/6/2019 17:36:00,272022.1,272022.1,272022.1,272022.1,0
2/7/2019 17:36:00,265615.11,265615.11,265615.11,265615.11,0
2/8/2019 17:36:00,263843.45,263843.45,263843.45,263843.45,0
2/11/2019 17:36:00,268581.65,268581.65,268581.65,268581.65,0
2/12/2019 17:36:00,272679.09,272679.09,272679.09,272679.09,0
2/13/2019 17:36:00,274438.84,274438.84,274438.84,274438.84,0
2/14/2019 17:36:00,268478.49,268478.49,268478.49,268478.49,0
2/15/2019 17:36:00,272444.16,272444.16,272444.16,272444.16,0
2/18/2019 17:36:00,272292.5,272292.5,272292.5,272292.5,0
2/19/2019 17:36:00,271441.26,271441.26,271441.26,271441.26,0
2/20/2019 17:36:00,271164.21,271164.21,271164.21,271164.21,0
2/21/2019 17:36:00,270907.82,270907.82,270907.82,270907.82,0
2/22/2019 17:36:00,267134.94,267134.94,267134.94,267134.94,0
2/25/2019 17:36:00,270001.19,270001.19,270001.19,270001.19,0
2/26/2019 17:36:00,267271.76,267271.76,267271.76,267271.76,0
2/27/2019 17:36:00,266558.06,266558.06,266558.06,266558.06,0
2/28/2019 17:36:00,265812.28,265812.28,265812.28,265812.28,0
3/1/2019 17:36:00,266800.24,266800.24,266800.24,266800.24,0
3/4/2019 17:36:00,268968.44,268968.44,268968.44,268968.44,0
3/5/2019 17:36:00,267279.47,267279.47,267279.47,267279.47,0
3/6/2019 17:36:00,267658.09,267658.09,267658.09,267658.09,0
3/7/2019 17:36:00,265991.93,265991.93,265991.93,265991.93,0
3/8/2019 17:36:00,264745.84,264745.84,264745.84,264745.84,0
3/11/2019 17:36:00,269509.36,269509.36,269509.36,269509.36,0
3/12/2019 17:36:00,270088.47,270088.47,270088.47,270088.47,0
3/13/2019 17:36:00,272199.78,272199.78,272199.78,272199.78,0
3/14/2019 17:36:00,270818.8,270818.8,270818.8,270818.8,0
3/15/2019 17:36:00,272175.44,272175.44,272175.44,272175.44,0
3/19/2019 17:36:00,273532.7,273532.7,273532.7,273532.7,0
3/20/2019 17:36:00,268552.46,268552.46,268552.46,268552.46,0
3/21/2019 17:36:00,268896.81,268896.81,268896.81,268896.81,0
3/22/2019 17:36:00,266790.9,266790.9,266790.9,266790.9,0
3/25/2019 17:36:00,265016.9,265016.9,265016.9,265016.9,0
3/27/2019 17:36:00,265428.3,265428.3,265428.3,265428.3,0
3/28/2019 17:36:00,265982.57,265982.57,265982.57,265982.57,0
3/29/2019 17:36:00,268135.53,268135.53,268135.53,268135.53,0
4/1/2019 17:36:00,272747.74,272747.74,272747.74,272747.74,0
4/2/2019 17:36:00,274116.79,274116.79,274116.79,274116.79,0
4/3/2019 17:36:00,273204.47,273204.47,273204.47,273204.47,0
4/4/2019 17:36:00,273234.44,273234.44,273234.44,273234.44,0
4/5/2019 17:36:00,274063.03,274063.03,274063.03,274063.03,0
4/8/2019 17:36:00,272528.51,272528.51,272528.51,272528.51,0
4/9/2019 17:36:00,272110,272110,272110,272110,0
4/10/2019 17:36:00,272535,272535,272535,272535,0
4/11/2019 17:36:00,275090,275090,275090,275090,0
4/12/2019 17:36:00,277425,277425,277425,277425,0
4/15/2019 17:36:00,277970,278090,277970,278090,0
4/16/2019 17:36:00,280785,280785,280785,280785,0
4/17/2019 17:36:00,278865.05,278865.05,278865.05,278865.05,0
4/18/2019 17:36:00,281095,281095,281095,281095,0
4/23/2019 17:36:00,281660,281660,281660,281660,0
4/24/2019 17:36:00,283135,283135,282640,282640,0
4/25/2019 17:36:00,283665,283665,283665,283665,0
4/26/2019 17:36:00,286755,286755,286755,286755,0
4/29/2019 17:36:00,290610,290610,290610,290610,0
4/30/2019 17:36:00,290260,290260,288095,288095,0
5/2/2019 17:36:00,290100,290100,290100,290100,0
5/3/2019 17:36:00,292785,292785,292785,292785,0
5/6/2019 17:36:00,285690,285690,285690,285690,0
5/7/2019 17:36:00,280790,280790,280790,280790,0
5/8/2019 17:36:00,281622,282618,281622,282305,2
5/9/2019 17:36:00,275840,275840,275840,275840,0
5/10/2019 17:36:00,275160,275160,275160,275160,0
5/13/2019 17:36:00,278870,278870,275700,275700,0
5/14/2019 17:36:00,276955,276955,276955,276955,0
5/15/2019 17:36:00,273075,273075,273075,273075,0
5/16/2019 17:36:00,277233.49,277233.49,277233.49,277233.49,0
5/17/2019 17:36:00,276435,276435,276435,276435,0
5/20/2019 17:36:00,273710,273710,273710,273710,0
5/21/2019 17:36:00,274950,274950,274950,274950,0
5/22/2019 17:36:00,272970,272970,272970,272970,0
5/23/2019 17:36:00,271225,271225,271225,271225,0
5/24/2019 17:36:00,270555,270555,270555,270555,0
5/27/2019 17:36:00,270730,270730,270730,270730,0
5/28/2019 17:36:00,271270,271270,271270,271270,0
5/29/2019 17:36:00,269230,269230,269230,269230,0
5/30/2019 17:36:00,270345,270345,270345,270345,0
5/31/2019 17:36:00,267710,267710,267710,267710,0
6/3/2019 17:36:00,265000,266285,265000,266285,0
6/4/2019 17:36:00,269760,269760,269760,269760,0
6/5/2019 17:36:00,270050,271525,270050,271525,0
6/6/2019 17:36:00,273050,273050,272300,272300,0
6/7/2019 17:36:00,273525,273525,272540,272540,0
6/11/2019 17:36:00,275295,275295,275295,275295,0
6/12/2019 17:36:00,271590,271590,271590,271590,0
6/13/2019 17:36:00,273025,273025,273025,273025,0
6/14/2019 17:36:00,274475,274475,274475,274475,0
6/17/2019 17:36:00,273635,273635,273635,273635,0
6/18/2019 17:36:00,271945,275820,271945,275820,0
6/19/2019 17:36:00,276840,276840,276840,276840,0
6/20/2019 17:36:00,275140,275140,275140,275140,0
6/21/2019 17:36:00,276265,276265,276265,276265,0
6/24/2019 17:36:00,272870,272870,272870,272870,0
6/25/2019 17:36:00,274060,274060,274060,274060,0
6/26/2019 17:36:00,276185,276185,276185,276185,0
6/27/2019 17:36:00,278220,278220,278220,278220,0
6/28/2019 17:36:00,278945,278945,278945,278945,0
7/1/2019 17:36:00,284605,284605,284605,284605,0
7/3/2019 17:36:00,284915,284915,284915,284915,0
7/4/2019 17:36:00,288320,288320,288320,288320,0
7/5/2019 17:36:00,287750,287750,287750,287750,0
7/8/2019 17:36:00,288750,288750,288750,288750,0
7/9/2019 17:36:00,286750,286750,286750,286750,0
7/10/2019 17:36:00,287585,287585,287060,287060,0
7/11/2019 17:36:00,285220,285220,285220,285220,0
7/12/2019 17:36:00,283585,283890,283585,283890,0
7/15/2019 17:36:00,284890,284890,284890,284890,0
7/16/2019 17:36:00,286505,286505,286505,286505,0
7/17/2019 17:36:00,279275,279275,279275,279275,0
7/18/2019 17:36:00,278525,278525,278525,278525,0
7/19/2019 17:36:00,277600,277600,277600,277600,0
7/22/2019 17:36:00,274300,274300,274300,274300,0
7/23/2019 17:36:00,276105,276105,276105,276105,0
7/24/2019 17:36:00,277830,277995,277830,277995,0
7/25/2019 17:36:00,278925,278925,278925,278925,0
7/26/2019 17:36:00,281780,281780,281780,281780,0
7/29/2019 17:36:00,282720,282720,282720,282720,0
7/30/2019 17:36:00,280000,280000,280000,280000,0
7/31/2019 17:36:00,281405,281405,281405,281405,0
8/1/2019 17:36:00,280610,280610,280610,280610,0
8/2/2019 17:36:00,270870,270870,270870,270870,0
8/5/2019 17:36:00,277745,277745,269200,269200,0
8/6/2019 17:36:00,265045,267485,265045,267485,0
8/7/2019 17:36:00,264760,264760,264760,264760,0
8/8/2019 17:36:00,267085,267085,267085,267085,0
8/9/2019 17:36:00,269185,269185,266170,266170,0
8/12/2019 17:36:00,265775,265775,265775,265775,0
8/13/2019 17:36:00,267825,267825,267825,267825,0
8/14/2019 17:36:00,265665,265665,265665,265665,0
8/15/2019 17:36:00,269480,269480,269480,269480,0
8/16/2019 17:36:00,267975,271175,267975,271175,0
8/19/2019 17:36:00,271515,271710,271515,271710,0
8/20/2019 17:36:00,271415,271415,270585,270585,0
8/21/2019 17:36:00,269520,269520,269520,269520,0
8/22/2019 17:36:00,269895,271875,269895,271875,0
8/26/2019 17:36:00,269320,269320,269320,269320,0
8/27/2019 17:36:00,270075,270075,270075,270075,0
8/28/2019 17:36:00,271335,271335,271335,271335,0
8/30/2019 17:36:00,277300,277300,277300,277300,0
9/2/2019 17:36:00,275770,276420,275770,276420,0
9/3/2019 17:36:00,275585,275585,275490,275490,0
9/4/2019 17:36:00,274870,274870,274870,274870,0
9/5/2019 17:36:00,277090,278345,277090,278345,0
9/6/2019 17:36:00,277925,277925,277925,277925,0
9/9/2019 17:36:00,278580,281430,278580,281430,0
9/10/2019 17:36:00,280550,280550,280550,280550,0
9/11/2019 17:36:00,285750,285750,285750,285750,0
9/12/2019 17:36:00,286390,288565,286390,288565,0
9/13/2019 17:36:00,288905,288905,288905,288905,0
9/16/2019 17:36:00,288840,288840,288840,288840,0
9/17/2019 17:36:00,286900,286900,285180,285180,0
9/18/2019 17:36:00,284155,284155,284155,284155,0
9/19/2019 17:36:00,286825,286825,286825,286825,0
9/20/2019 17:36:00,284890,284890,284890,284890,0
9/23/2019 17:36:00,283905,283905,283905,283905,0
9/24/2019 17:36:00,284945,284945,283940,283940,0
9/25/2019 17:36:00,284260,284260,284260,284260,0
9/26/2019 17:36:00,284760,284760,283470,283470,0
9/27/2019 17:36:00,284240,284655,284240,284655,0
10/2/2019 17:36:00,279000,279000,279000,279000,0
10/3/2019 17:36:00,277000,277000,277000,277000,0
10/4/2019 17:36:00,279500,283500,279500,283500,0
10/7/2019 17:36:00,283500,283500,283500,283500,0
10/8/2019 17:36:00,283000,283000,281500,281500,0
10/9/2019 17:36:00,281500,281500,281500,281500,0
10/10/2019 17:36:00,284000,284000,284000,284000,0
10/11/2019 17:36:00,285000,285000,285000,285000,0
10/14/2019 17:36:00,282500,282500,282500,282500,0
10/15/2019 17:36:00,282500,285500,282500,285500,0
10/16/2019 17:36:00,284500,284500,284500,284500,0
10/17/2019 17:36:00,282500,282500,282500,282500,0
10/18/2019 17:36:00,282000,282000,282000,282000,0
10/21/2019 17:36:00,281000,284000,281000,284000,0
10/22/2019 17:36:00,284500,285000,284500,285000,0
10/23/2019 17:36:00,283500,283500,283500,283500,0
10/24/2019 17:36:00,285000,285000,285000,285000,0
10/25/2019 17:36:00,287000,287000,287000,287000,0
10/28/2019 17:36:00,288500,288500,288500,288500,0
10/29/2019 17:36:00,288000,288000,287500,287500,0
10/30/2019 17:36:00,287500,287500,287500,287500,0
10/31/2019 17:36:00,286500,286500,286500,286500,0
11/1/2019 17:36:00,287000,289000,287000,289000,0
11/4/2019 17:36:00,289500,293500,289500,293500,0
11/5/2019 17:36:00,298500,298500,298500,298500,0
11/6/2019 17:36:00,300500,300500,300500,300500,0
11/7/2019 17:36:00,303500,303500,303500,303500,0
11/8/2019 17:36:00,301500,301500,300500,300500,0
11/11/2019 17:36:00,301000,301000,300000,300000,0
11/12/2019 17:36:00,303000,303000,303000,303000,0
11/13/2019 17:36:00,299500,299500,299500,299500,0
11/14/2019 17:36:00,299000,299000,299000,299000,0
11/15/2019 17:36:00,299000,299000,299000,299000,0
11/18/2019 17:36:00,298000,298000,297000,297000,0
11/19/2019 17:36:00,297000,297000,297000,297000,0
11/20/2019 17:36:00,295000,295000,295000,295000,0
11/21/2019 17:36:00,295000,295000,294500,294500,0
11/22/2019 17:36:00,294000,296500,294000,296500,0
11/25/2019 17:36:00,298500,298500,298500,298500,0
11/26/2019 17:36:00,297500,297500,297500,297500,0
11/27/2019 17:36:00,300000,300000,300000,300000,0
11/28/2019 17:36:00,300500,300500,300500,300500,0
11/29/2019 17:36:00,300500,300500,300000,300000,0
12/2/2019 17:36:00,299000,299000,299000,299000,0
12/3/2019 17:36:00,294500,294500,294500,294500,0
12/4/2019 17:36:00,296000,296000,296000,296000,0
12/5/2019 17:36:00,296000,296000,296000,296000,0
12/6/2019 17:36:00,303000,303000,303000,303000,0
12/9/2019 17:36:00,301500,302000,301500,302000,0
12/10/2019 17:36:00,300500,300500,300500,300500,0
12/11/2019 17:36:00,300000,300000,300000,300000,0
12/12/2019 17:36:00,300000,304000,300000,304000,0
12/13/2019 17:36:00,305500,305500,302500,302500,0
12/16/2019 17:36:00,306500,306500,306500,306500,0
12/17/2019 17:36:00,306000,306500,306000,306500,0
12/18/2019 17:36:00,306500,306500,306500,306500,0
12/19/2019 17:36:00,303500,304500,303500,304500,0
12/20/2019 17:36:00,303500,308000,303500,308000,0
12/23/2019 17:36:00,307000,307000,306500,306500,0
12/27/2019 17:36:00,304500,304500,304500,304500,0
12/30/2019 17:36:00,304000,304000,304000,304000,0
1/2/2020 17:36:00,305000,305000,305000,305000,0
1/3/2020 17:36:00,304500,304500,304500,304500,0
1/6/2020 17:36:00,303000,303000,303000,303000,0
1/7/2020 17:36:00,305000,305000,305000,305000,0
1/8/2020 17:36:00,306500,306500,306500,306500,0
1/9/2020 17:36:00,308500,308500,308500,308500,0
1/10/2020 17:36:00,308000,308000,308000,308000,0
1/13/2020 17:36:00,306500,306500,306500,306500,0
1/14/2020 17:36:00,308000,308000,308000,308000,0
1/15/2020 17:36:00,307500,307500,307500,307500,0
1/16/2020 17:36:00,308000,309000,308000,309000,0
1/17/2020 17:36:00,313500,313500,313500,313500,0
1/20/2020 17:36:00,311000,311000,311000,311000,0
1/21/2020 17:36:00,310000,310000,310000,310000,0
1/22/2020 17:36:00,310500,310500,310500,310500,0
1/23/2020 17:36:00,311000,311000,309500,309500,0
1/24/2020 17:36:00,311000,311000,311000,311000,0
1/27/2020 17:36:00,303000,303000,303000,303000,0
1/28/2020 17:36:00,306500,306500,306500,306500,0
1/29/2020 17:36:00,308500,308500,308500,308500,0
1/30/2020 17:36:00,306000,306000,306000,306000,0
1/31/2020 17:36:00,304500,304500,304500,304500,0
2/3/2020 17:36:00,305500,305500,305500,305500,0
2/4/2020 17:36:00,304500,308500,304500,308500,0
2/5/2020 17:36:00,311000,311000,311000,311000,0
2/6/2020 17:36:00,313000,313500,313000,313500,0
2/7/2020 17:36:00,313500,313500,312500,312500,0
2/10/2020 17:36:00,311500,312000,311500,312000,0
2/11/2020 17:36:00,312500,312500,312500,312500,0
2/12/2020 17:36:00,312000,314500,312000,314500,0
2/13/2020 17:36:00,313500,314500,313500,314500,0
2/14/2020 17:36:00,314500,314500,314500,314500,0
2/17/2020 17:36:00,313000,313000,313000,313000,0
2/18/2020 17:36:00,313500,313500,313500,313500,0
2/19/2020 17:36:00,318500,318500,318500,318500,0
2/20/2020 17:36:00,317500,317500,317500,317500,0
2/21/2020 17:36:00,318000,318000,315500,315500,0
2/24/2020 17:36:00,309500,309500,309500,309500,0
2/25/2020 17:36:00,308000,308000,304500,304500,0
2/26/2020 17:36:00,303000,303000,303000,303000,0
2/27/2020 17:36:00,289000,289000,289000,289000,0
2/28/2020 17:36:00,277500,277500,277500,277500,0
3/2/2020 17:36:00,281500,281500,281500,281500,0
3/4/2020 17:36:00,286500,286500,286500,286500,0
3/5/2020 17:36:00,284000,284000,284000,284000,0
3/6/2020 17:36:00,272000,272000,272000,272000,0
3/9/2020 17:36:00,261500,261500,261500,261500,0
3/10/2020 17:36:00,261000,261000,261000,261000,0
3/12/2020 17:36:00,244000,244000,244000,244000,0
3/16/2020 17:36:00,249000,249000,249000,249000,0
3/17/2020 17:36:00,247000,247000,247000,247000,0
3/18/2020 17:36:00,242500,242500,242500,242500,0
3/20/2020 17:36:00,239500,239500,239500,239500,0
3/23/2020 17:36:00,226500,226500,226500,226500,0
3/24/2020 17:36:00,248000,248000,248000,248000,0
3/26/2020 17:36:00,249500,249500,249500,249500,0
3/27/2020 17:36:00,244000,244000,244000,244000,0
3/30/2020 17:36:00,248000,248000,248000,248000,0
3/31/2020 17:36:00,253500,253500,253500,253500,0
4/1/2020 17:36:00,243500,243500,243500,243500,0
4/2/2020 17:36:00,243000,243000,243000,243000,0
4/6/2020 17:36:00,254000,254000,254000,254000,0
4/8/2020 17:36:00,261000,261000,261000,261000,0
4/9/2020 17:36:00,267000,267000,267000,267000,0
4/14/2020 17:36:00,262500,262500,262500,262500,0
4/15/2020 17:36:00,258500,258500,258500,258500,0
4/16/2020 17:36:00,260000,260000,260000,260000,0
4/17/2020 17:36:00,261500,261500,261500,261500,0
4/20/2020 17:36:00,261000,261000,261000,261000,0
4/21/2020 17:36:00,255500,255500,255500,255500,0
4/22/2020 17:36:00,258500,258500,258500,258500,0
4/23/2020 17:36:00,259000,259000,259000,259000,0
4/24/2020 17:36:00,257000,257000,257000,257000,0
4/27/2020 17:36:00,260500,260500,260500,260500,0
4/28/2020 17:36:00,261000,261000,261000,261000,0
4/29/2020 17:36:00,264000,264000,264000,264000,0
4/30/2020 17:36:00,260000,260000,260000,260000,0
5/4/2020 17:36:00,243500,243500,243500,243500,0
5/5/2020 17:36:00,246500,246500,246500,246500,0
5/6/2020 17:36:00,243500,243500,243500,243500,0
5/8/2020 17:36:00,243500,243500,243500,243500,0
5/11/2020 17:36:00,243500,243500,243500,243500,0
5/12/2020 17:36:00,242000,242000,242000,242000,0
5/13/2020 17:36:00,237000,237000,237000,237000,0
5/14/2020 17:36:00,236500,236500,236500,236500,0
5/15/2020 17:36:00,235000,235000,235000,235000,0
5/18/2020 17:36:00,241000,241000,241000,241000,0
5/19/2020 17:36:00,240000,240000,240000,240000,0
5/20/2020 17:36:00,241500,241500,241500,241500,0
5/21/2020 17:36:00,240500,240500,240500,240500,0
5/22/2020 17:36:00,240000,240000,240000,240000,0
5/26/2020 17:36:00,246500,246500,246500,246500,0
5/27/2020 17:36:00,254000,254000,254000,254000,0
5/28/2020 17:36:00,251500,251500,251500,251500,0
5/29/2020 17:36:00,248000,248000,248000,248000,0
6/2/2020 17:36:00,250000,250000,250000,250000,0
6/3/2020 17:36:00,249000,255500,249000,255500,0
6/4/2020 17:36:00,254000,254000,254000,254000,0
6/5/2020 17:36:00,267000,267000,267000,267000,0
6/8/2020 17:36:00,268500,268500,268500,268500,0
6/9/2020 17:36:00,259500,259500,259500,259500,0
6/10/2020 17:36:00,257500,257500,257500,257500,0
6/11/2020 17:36:00,241000,241000,241000,241000,0
6/15/2020 17:36:00,239500,239500,239500,239500,0
6/16/2020 17:36:00,243500,243500,243500,243500,0
6/17/2020 17:36:00,244000,244000,244000,244000,0
6/18/2020 17:36:00,242500,242500,242500,242500,0
6/19/2020 17:36:00,244500,244500,242500,242500,0
6/22/2020 17:36:00,240500,240500,240500,240500,0
6/23/2020 17:36:00,242000,242000,240500,240500,0
6/24/2020 17:36:00,238000,238000,238000,238000,0
6/25/2020 17:36:00,238500,238500,238500,238500,0
6/26/2020 17:36:00,236500,236500,236500,236500,0
7/6/2020 17:36:00,241000,241000,241000,241000,0
7/7/2020 17:36:00,242500,242500,242500,242500,0
7/8/2020 17:36:00,240500,240500,240500,240500,0
7/9/2020 17:36:00,237500,237500,237500,237500,0
7/10/2020 17:36:00,240000,240000,240000,240000,0
7/13/2020 17:36:00,245500,245500,245500,245500,0
7/14/2020 17:36:00,248000,248000,248000,248000,0
7/15/2020 17:36:00,251000,251000,251000,251000,0
7/16/2020 17:36:00,251500,251500,251500,251500,0
7/17/2020 17:36:00,251000,251000,251000,251000,0
7/20/2020 17:36:00,249500,249500,249500,249500,0
7/21/2020 17:36:00,252500,252500,252500,252500,0
7/22/2020 17:36:00,249000,249000,249000,249000,0
7/23/2020 17:36:00,249000,249000,249000,249000,0
7/24/2020 17:36:00,251500,251500,251500,251500,0
7/27/2020 17:36:00,250000,250000,247000,247000,0
7/28/2020 17:36:00,246000,247500,246000,247500,0
7/29/2020 17:36:00,249000,249000,249000,249000,0
7/30/2020 17:36:00,246500,246500,246500,246500,0
7/31/2020 17:36:00,248500,248500,248500,248500,0
8/3/2020 17:36:00,250000,256000,250000,256000,0
8/4/2020 17:36:00,255000,255000,255000,255000,0
8/5/2020 17:36:00,258000,258000,258000,258000,0
8/6/2020 17:36:00,258000,258000,258000,258000,0
8/7/2020 17:36:00,259500,262500,259500,262500,0
8/10/2020 17:36:00,268500,268500,268500,268500,0
8/11/2020 17:36:00,274500,274500,274500,274500,0
8/12/2020 17:36:00,272000,272000,272000,272000,0
8/13/2020 17:36:00,270000,270000,270000,270000,0
8/14/2020 17:36:00,269000,269000,269000,269000,0
8/17/2020 17:36:00,263500,263500,263500,263500,0
8/18/2020 17:36:00,263000,263000,263000,263000,0
8/19/2020 17:36:00,263500,263500,263500,263500,0
8/20/2020 17:36:00,261500,261500,261500,261500,0
8/21/2020 17:36:00,264500,264500,264500,264500,0
8/25/2020 17:36:00,271000,272000,271000,272000,0
8/26/2020 17:36:00,272500,272500,272500,272500,0
8/27/2020 17:36:00,276000,276000,276000,276000,0
8/28/2020 17:36:00,274500,274500,274500,274500,0
8/31/2020 17:36:00,275000,275000,275000,275000,0
9/1/2020 17:36:00,273500,273500,273500,273500,0
9/2/2020 17:36:00,280000,280000,280000,280000,0
9/3/2020 17:36:00,278500,278500,278500,278500,0
9/4/2020 17:36:00,279000,279000,275500,275500,0
9/7/2020 17:36:00,276500,278000,276500,278000,0
9/8/2020 17:36:00,275500,275500,275500,275500,0
9/9/2020 17:36:00,281000,281000,281000,281000,0
9/10/2020 17:36:00,277500,277500,277500,277500,0
9/11/2020 17:36:00,277500,277500,277000,277000,0
9/14/2020 17:36:00,278500,278500,278500,278500,0
9/15/2020 17:36:00,278500,278500,278500,278500,0
9/16/2020 17:36:00,280500,280500,280500,280500,0
9/17/2020 17:36:00,277000,277000,277000,277000,0
9/18/2020 17:36:00,275500,279000,275500,279000,0
9/21/2020 17:36:00,268000,268000,268000,268000,0
9/22/2020 17:36:00,273000,273000,273000,273000,0
9/23/2020 17:36:00,273500,273500,273500,273500,0
9/24/2020 17:36:00,267000,267000,267000,267000,0
9/25/2020 17:36:00,269500,269500,269500,269500,0
9/28/2020 17:36:00,277000,277000,277000,277000,0
9/29/2020 17:36:00,270500,270500,270500,270500,0
9/30/2020 17:36:00,271500,271500,271500,271500,0
10/1/2020 17:36:00,273000,273000,273000,273000,0
10/2/2020 17:36:00,271000,271000,271000,271000,0
10/5/2020 17:36:00,272000,272000,272000,272000,0
10/6/2020 17:36:00,271000,271000,270500,270500,0
10/7/2020 17:36:00,271000,271000,271000,271000,0
10/8/2020 17:36:00,274000,274000,274000,274000,0
10/9/2020 17:36:00,273500,273500,273500,273500,0
10/12/2020 17:36:00,275500,275500,275500,275500,0
10/13/2020 17:36:00,273500,273500,273500,273500,0
10/14/2020 17:36:00,270500,270500,270500,270500,0
10/15/2020 17:36:00,270500,270500,270500,270500,0
10/16/2020 17:36:00,273000,273000,273000,273000,0
10/19/2020 17:36:00,273000,273000,268000,268000,0
10/20/2020 17:36:00,267000,267000,266500,266500,0
10/21/2020 17:36:00,266000,266000,266000,266000,0
10/22/2020 17:36:00,267500,267500,267500,267500,0
10/23/2020 17:36:00,269500,269500,269500,269500,0
10/27/2020 17:36:00,264000,264000,264000,264000,0
10/28/2020 17:36:00,258000,258000,258000,258000,0
10/29/2020 17:36:00,259000,259000,259000,259000,0
10/30/2020 17:36:00,259500,259500,259500,259500,0
11/2/2020 17:36:00,265000,265000,265000,265000,0
11/3/2020 17:36:00,267500,267500,267500,267500,0
11/4/2020 17:36:00,267000,267000,267000,267000,0
11/5/2020 17:36:00,266000,266000,266000,266000,0
11/6/2020 17:36:00,264000,264000,264000,264000,0
11/10/2020 17:36:00,285000,285000,285000,285000,0
11/11/2020 17:36:00,292000,292000,292000,292000,0
11/12/2020 17:36:00,285500,285500,285500,285500,0
11/13/2020 17:36:00,287000,287000,287000,287000,0
11/16/2020 17:36:00,295000,295000,295000,295000,0
11/17/2020 17:36:00,296000,296000,296000,296000,0
11/18/2020 17:36:00,295500,295500,295500,295500,0
11/19/2020 17:36:00,290500,290500,290500,290500,0
11/20/2020 17:36:00,289000,289000,289000,289000,0
11/23/2020 17:36:00,290500,290500,290500,290500,0
11/24/2020 17:36:00,296000,296000,296000,296000,0
11/25/2020 17:36:00,294000,294000,294000,294000,0
11/26/2020 17:36:00,294500,294500,294500,294500,0
11/27/2020 17:36:00,291500,291500,291500,291500,0
11/30/2020 17:36:00,288500,288500,288500,288500,0
12/1/2020 17:36:00,288500,288500,288500,288500,0
12/2/2020 17:36:00,285000,285000,285000,285000,0
12/3/2020 17:36:00,284000,284000,284000,284000,0
12/4/2020 17:36:00,286500,286500,286500,286500,0
12/7/2020 17:36:00,284000,284000,284000,284000,0
12/8/2020 17:36:00,283000,283000,283000,283000,0
12/10/2020 17:36:00,282000,282000,282000,282000,0
12/11/2020 17:36:00,279500,279500,279500,279500,0
12/14/2020 17:36:00,278500,278500,278500,278500,0
12/15/2020 17:36:00,276500,276500,276500,276500,0
12/16/2020 17:36:00,276500,276500,276500,276500,0
12/18/2020 17:36:00,273500,273500,273500,273500,0
12/21/2020 17:36:00,275000,275000,275000,275000,0
12/22/2020 17:36:00,276000,276000,276000,276000,0
12/23/2020 17:36:00,277000,277000,277000,277000,0
12/28/2020 17:36:00,279000,281000,279000,281000,0
12/29/2020 17:36:00,283000,283000,283000,283000,0
12/30/2020 17:36:00,281500,281500,281500,281500,0
1/4/2021 17:36:00,279500,279500,279500,279500,0
1/5/2021 17:36:00,279500,279500,278500,278500,0
1/6/2021 17:36:00,284000,284000,284000,284000,0
1/7/2021 17:36:00,285000,285000,285000,285000,0
1/8/2021 17:36:00,286000,286000,286000,286000,0
1/11/2021 17:36:00,287500,287500,287500,287500,0
1/12/2021 17:36:00,288000,288500,288000,288500,0
1/13/2021 17:36:00,287000,287000,287000,287000,0
1/14/2021 17:36:00,290000,290000,290000,290000,0
1/15/2021 17:36:00,291000,291000,289000,289000,0
1/18/2021 17:36:00,290500,290500,290500,290500,0
1/19/2021 17:36:00,290500,290500,290000,290000,0
1/20/2021 17:36:00,290500,290500,290500,290500,0
1/21/2021 17:36:00,291500,291500,291000,291000,0
1/22/2021 17:36:00,287500,287500,287500,287500,0
1/25/2021 17:36:00,288500,288500,287000,287000,0
1/26/2021 17:36:00,288500,288500,288500,288500,0
1/27/2021 17:36:00,284500,284500,284500,284500,0
1/28/2021 17:36:00,290000,290000,290000,290000,0
1/29/2021 17:36:00,286000,286000,284000,284000,0
2/1/2021 17:36:00,286000,286000,286000,286000,0
2/2/2021 17:36:00,291500,291500,291500,291500,0
2/3/2021 17:36:00,291500,291500,291500,291500,0
2/4/2021 17:36:00,295500,295500,295500,295500,0
2/5/2021 17:36:00,296000,296000,296000,296000,0
2/8/2021 17:36:00,295000,296000,295000,296000,0
2/9/2021 17:36:00,294500,294500,294500,294500,0
2/10/2021 17:36:00,299000,299000,299000,299000,0
2/11/2021 17:36:00,298500,298500,298500,298500,0
2/12/2021 17:36:00,299000,299000,299000,299000,0
2/15/2021 17:36:00,304500,304500,304500,304500,0
2/16/2021 17:36:00,305000,305500,305000,305500,0
2/17/2021 17:36:00,306000,307500,306000,307500,0
2/18/2021 17:36:00,303500,303500,303500,303500,0
2/19/2021 17:36:00,303000,303000,303000,303000,0
2/22/2021 17:36:00,303500,303500,303500,303500,0
2/23/2021 17:36:00,303500,303500,303500,303500,0
2/24/2021 17:36:00,309000,309000,309000,309000,0
2/25/2021 17:36:00,309000,309000,309000,309000,0
2/26/2021 17:36:00,301500,301500,301500,301500,0
3/1/2021 17:36:00,311000,311000,311000,311000,0
3/2/2021 17:36:00,313000,313000,313000,313000,0
3/3/2021 17:36:00,318500,318500,318500,318500,0
3/5/2021 17:36:00,315500,315500,315500,315500,0
3/8/2021 17:36:00,329000,329000,329000,329000,0
3/9/2021 17:36:00,332500,332500,332500,332500,0
3/10/2021 17:36:00,329000,335500,329000,335500,0
3/11/2021 17:36:00,334500,334500,334500,334500,0
3/12/2021 17:36:00,334000,334000,334000,334000,0
3/15/2021 17:36:00,326000,326000,326000,326000,0
3/16/2021 17:36:00,322000,322000,322000,322000,0
3/17/2021 17:36:00,322500,322500,322500,322500,0
3/18/2021 17:36:00,324000,324000,324000,324000,0
3/19/2021 17:36:00,320000,320000,320000,320000,0
3/22/2021 17:36:00,318500,318500,318500,318500,0
3/23/2021 17:36:00,321000,321000,321000,321000,0
3/24/2021 17:36:00,320500,322500,320500,322500,0
3/25/2021 17:36:00,320500,320500,318500,318500,0
3/26/2021 17:36:00,326000,326000,326000,326000,0
3/29/2021 17:36:00,328500,332000,328500,332000,0
3/30/2021 17:36:00,333000,333000,333000,333000,0
3/31/2021 17:36:00,331000,331000,331000,331000,0
4/1/2021 17:36:00,331000,331000,331000,331000,0
4/6/2021 17:36:00,334500,334500,334500,334500,0
4/7/2021 17:36:00,333000,333000,333000,333000,0
4/8/2021 17:36:00,332000,332000,332000,332000,0
4/9/2021 17:36:00,335000,335000,335000,335000,0
4/12/2021 17:36:00,336500,338000,336500,338000,0
4/13/2021 17:36:00,338000,338000,338000,338000,0
4/14/2021 17:36:00,337000,337000,337000,337000,0
4/15/2021 17:36:00,337000,337000,337000,337000,0
4/16/2021 17:36:00,341000,341000,341000,341000,0
4/19/2021 17:36:00,338000,338000,338000,338000,0
4/20/2021 17:36:00,337000,337000,335000,335000,0
4/21/2021 17:36:00,335000,338500,335000,338500,0
4/22/2021 17:36:00,340500,340500,340500,340500,0
4/23/2021 17:36:00,337500,340000,337500,340000,0
4/26/2021 17:36:00,340500,340500,340500,340500,0
4/27/2021 17:36:00,338000,339000,338000,339000,0
4/28/2021 17:36:00,340000,340000,340000,340000,0
4/29/2021 17:36:00,343000,343000,343000,343000,0
4/30/2021 17:36:00,345000,345000,345000,345000,0
5/3/2021 17:36:00,345000,348500,345000,348500,0
5/4/2021 17:36:00,348500,348500,348500,348500,0
5/5/2021 17:36:00,351500,354500,351500,354500,0
5/6/2021 17:36:00,357500,357500,357500,357500,0
5/7/2021 17:36:00,358000,358000,358000,358000,0
5/10/2021 17:36:00,360000,364000,360000,364000,0
5/11/2021 17:36:00,361000,361000,354000,354000,0
5/12/2021 17:36:00,354500,356000,354500,356000,0
5/13/2021 17:36:00,351500,356000,351500,356000,0
5/14/2021 17:36:00,359500,359500,359500,359500,0
5/17/2021 17:36:00,360000,360000,357000,357000,0
5/18/2021 17:36:00,357500,357500,356000,356000,0
5/19/2021 17:36:00,352500,352500,350000,350000,0
5/20/2021 17:36:00,355500,355500,355500,355500,0
5/21/2021 17:36:00,356500,356500,356500,356500,0
5/25/2021 17:36:00,356500,356500,355500,355500,0
5/26/2021 17:36:00,354000,354500,354000,354500,0
5/27/2021 17:36:00,354500,354500,354500,354500,0
5/28/2021 17:36:00,358000,358000,356500,356500,0
6/1/2021 17:36:00,357500,357500,357500,357500,0
6/2/2021 17:36:00,356500,356500,356500,356500,0
6/3/2021 17:36:00,361500,361500,361500,361500,0
6/4/2021 17:36:00,362500,362500,360500,360500,0
6/7/2021 17:36:00,358000,358000,358000,358000,0
6/8/2021 17:36:00,356000,356000,356000,356000,0
6/9/2021 17:36:00,356000,356000,356000,356000,0
6/10/2021 17:36:00,355500,355500,355500,355500,0
6/11/2021 17:36:00,356000,356000,356000,356000,0
6/14/2021 17:36:00,352000,352000,352000,352000,0
6/15/2021 17:36:00,351500,351500,351000,351000,0
6/16/2021 17:36:00,352500,352500,352500,352500,0
6/17/2021 17:36:00,352000,352000,352000,352000,0
6/18/2021 17:36:00,348500,348500,348500,348500,0
6/21/2021 17:36:00,347500,351500,347500,351500,0
6/22/2021 17:36:00,351000,351000,351000,351000,0
6/23/2021 17:36:00,348500,348500,348500,348500,0
6/24/2021 17:36:00,347500,347500,347500,347500,0
6/25/2021 17:36:00,350000,350000,350000,350000,0
7/1/2021 17:36:00,354000,354000,354000,354000,0
7/2/2021 17:36:00,354500,354500,354500,354500,0
7/5/2021 17:36:00,354500,354500,354500,354500,0
7/7/2021 17:36:00,353000,356500,353000,356500,0
7/8/2021 17:36:00,351000,351000,351000,351000,0
7/9/2021 17:36:00,354500,354500,354500,354500,0
7/12/2021 17:36:00,355000,356500,355000,356500,0
7/13/2021 17:36:00,355500,355500,355500,355500,0
7/14/2021 17:36:00,355500,355500,355500,355500,0
7/15/2021 17:36:00,354500,354500,354500,354500,1
7/16/2021 17:36:00,355500,355500,355500,355500,0
7/19/2021 17:36:00,353500,353500,353500,353500,0
7/20/2021 17:36:00,355000,355000,355000,355000,0
7/21/2021 17:36:00,356500,356500,356500,356500,0
7/22/2021 17:36:00,355500,355500,355500,355500,0
7/23/2021 17:36:00,356500,356500,356500,356500,0
7/26/2021 17:36:00,357000,357000,357000,357000,0
7/27/2021 17:36:00,356000,356500,356000,356500,0
7/28/2021 17:36:00,355000,355000,355000,355000,0
7/29/2021 17:36:00,355500,355500,355500,355500,0
7/30/2021 17:36:00,355000,355000,355000,355000,0
8/2/2021 17:36:00,353500,353500,353500,353500,0
8/3/2021 17:36:00,355500,355500,355500,355500,0
8/4/2021 17:36:00,356500,356500,356500,356500,0
8/5/2021 17:36:00,354500,354500,354500,354500,0
8/6/2021 17:36:00,364000,364000,364000,364000,0
8/9/2021 17:36:00,368000,368000,368000,368000,0
8/10/2021 17:36:00,371500,371500,371500,371500,0
8/11/2021 17:36:00,371000,373000,371000,373000,0
8/12/2021 17:36:00,371000,371000,371000,371000,0
8/13/2021 17:36:00,367500,367500,367500,367500,0
8/16/2021 17:36:00,367000,369500,367000,369500,0
8/17/2021 17:36:00,373000,373000,373000,373000,0
8/18/2021 17:36:00,372000,372500,372000,372500,0
8/19/2021 17:36:00,367500,367500,367500,367500,0
8/20/2021 17:36:00,368000,368000,368000,368000,0
8/23/2021 17:36:00,368500,368500,368500,368500,0
8/24/2021 17:36:00,362500,365000,362500,365000,0
8/25/2021 17:36:00,368500,368500,368500,368500,0
8/26/2021 17:36:00,367500,367500,367500,367500,0
8/30/2021 17:36:00,365500,366000,365500,366000,0
8/31/2021 17:36:00,364000,365000,364000,365000,0
9/1/2021 17:36:00,365000,365000,363000,363000,0
9/3/2021 17:36:00,361500,361500,358000,358000,0
9/6/2021 17:36:00,357500,357500,357500,357500,0
9/7/2021 17:36:00,358000,358000,356500,356500,0
9/8/2021 17:36:00,355000,355000,355000,355000,0
9/13/2021 17:36:00,357500,357500,357500,357500,0
9/14/2021 17:36:00,356500,356500,353000,353000,0
9/15/2021 17:36:00,353500,353500,353500,353500,0
9/17/2021 17:36:00,356000,356000,356000,356000,0
9/20/2021 17:36:00,354000,354000,350500,350500,0
9/21/2021 17:36:00,356000,356000,351500,351500,0
9/22/2021 17:36:00,353500,354500,353500,354500,0
9/23/2021 17:36:00,357500,357500,357500,357500,0
9/24/2021 17:36:00,356500,357000,356500,357000,0
9/27/2021 17:36:00,358000,359500,358000,359500,0
9/28/2021 17:36:00,360000,360000,357000,357000,0
9/29/2021 17:36:00,358500,361000,358500,361000,0
9/30/2021 17:36:00,361000,361000,359000,359000,0
10/1/2021 17:36:00,354000,356000,354000,356000,0
10/4/2021 17:36:00,354500,354500,354500,354500,0
10/5/2021 17:36:00,360000,360000,360000,360000,0
10/6/2021 17:36:00,361000,361000,360500,360500,0
10/7/2021 17:36:00,369000,369000,369000,369000,0
10/8/2021 17:36:00,369000,369500,369000,369500,0
10/11/2021 17:36:00,370500,370500,370500,370500,0
10/12/2021 17:36:00,364500,366000,364500,366000,0
10/13/2021 17:36:00,364000,364000,361500,361500,0
10/14/2021 17:36:00,366000,366000,366000,366000,0
10/18/2021 17:36:00,369000,369000,367500,367500,0
10/19/2021 17:36:00,366000,368000,366000,368000,0
10/20/2021 17:36:00,367500,370000,367500,370000,0
10/21/2021 17:36:00,370000,370000,370000,370000,0
10/22/2021 17:36:00,371000,371000,371000,371000,0
10/25/2021 17:36:00,374500,374500,374500,374500,0
10/27/2021 17:36:00,375500,375500,375500,375500,0
10/28/2021 17:36:00,374000,374000,371500,371500,0
10/29/2021 17:36:00,377500,377500,377500,377500,0
11/2/2021 17:36:00,374500,374500,374500,374500,0
11/3/2021 17:36:00,375000,375000,375000,375000,0
11/4/2021 17:36:00,373000,373000,373000,373000,0
11/5/2021 17:36:00,376000,376000,376000,376000,0
11/8/2021 17:36:00,377000,377000,377000,377000,0
11/9/2021 17:36:00,375500,375500,375500,375500,0
11/10/2021 17:36:00,373000,373000,373000,373000,0
11/11/2021 17:36:00,376000,376000,375000,375000,0
11/12/2021 17:36:00,376500,376500,376500,376500,0
11/15/2021 17:36:00,377000,377000,377000,377000,0
11/16/2021 17:36:00,378500,378500,378500,378500,0
11/17/2021 17:36:00,375500,375500,375500,375500,0
11/18/2021 17:36:00,373500,373500,373500,373500,0
11/22/2021 17:36:00,379000,379000,379000,379000,0
11/23/2021 17:36:00,384500,384500,384500,384500,0
11/24/2021 17:36:00,386500,386500,386500,386500,0
11/25/2021 17:36:00,387500,387500,387500,387500,0
11/29/2021 17:36:00,377500,377500,377500,377500,0
12/2/2021 17:36:00,371500,371500,371500,371500,0
12/3/2021 17:36:00,372000,372000,372000,372000,0
12/6/2021 17:36:00,378000,378000,378000,378000,0
12/7/2021 17:36:00,383000,383000,383000,383000,0
12/8/2021 17:36:00,376500,376500,376500,376500,0
12/9/2021 17:36:00,379000,379000,379000,379000,0
12/10/2021 17:36:00,382000,382000,382000,382000,0
12/13/2021 17:36:00,385000,385000,385000,385000,0
12/14/2021 17:36:00,388000,392500,388000,392500,0
12/15/2021 17:36:00,395000,395000,395000,395000,0
12/16/2021 17:36:00,397500,397500,397500,397500,0
12/17/2021 17:36:00,397000,397000,397000,397000,0
12/20/2021 17:36:00,392500,392500,385000,385000,0
12/21/2021 17:36:00,390500,390500,390500,390500,0
12/22/2021 17:36:00,393000,393000,393000,393000,0
12/23/2021 17:36:00,393000,393000,393000,393000,0
12/27/2021 17:36:00,392500,392500,392500,392500,0
12/28/2021 17:36:00,399000,399000,399000,399000,0
12/29/2021 17:36:00,397500,397500,397500,397500,0
12/30/2021 17:36:00,397500,398000,397500,398000,0
1/3/2022 17:36:00,402000,402000,402000,402000,0
1/4/2022 17:36:00,402500,411000,402500,411000,0
1/5/2022 17:36:00,412500,412500,412500,412500,0
1/6/2022 17:36:00,416000,416000,416000,416000,0
1/12/2022 17:36:00,423000,423000,421000,421000,0
1/13/2022 17:36:00,423500,423500,423500,423500,0
1/14/2022 17:36:00,422500,422500,422500,422500,0
1/18/2022 17:36:00,425500,425500,425500,425500,0
1/20/2022 17:36:00,419500,419500,419500,419500,0
1/21/2022 17:36:00,410500,410500,410500,410500,0
1/24/2022 17:36:00,406500,406500,398500,398500,0
1/25/2022 17:36:00,402500,404500,402500,404500,0
1/26/2022 17:36:00,410000,410000,410000,410000,0
1/27/2022 17:36:00,420000,420000,420000,420000,0
1/28/2022 17:36:00,412000,412000,412000,412000,0
1/31/2022 17:36:00,419500,419500,416500,416500,0
2/1/2022 17:36:00,418000,418000,414500,414500,0
2/2/2022 17:36:00,419500,421000,419500,421000,0
2/3/2022 17:36:00,416000,416000,416000,416000,0
2/4/2022 17:36:00,415500,415500,411000,411000,0
2/7/2022 17:36:00,414500,414500,414500,414500,0
2/8/2022 17:36:00,416500,419000,416500,419000,0
2/9/2022 17:36:00,420500,424000,420500,424000,0
2/10/2022 17:36:00,418000,418000,418000,418000,0
2/11/2022 17:36:00,424000,424000,424000,424000,0
2/14/2022 17:36:00,422000,422000,416500,416500,0
2/15/2022 17:36:00,418000,418000,418000,418000,0
2/16/2022 17:36:00,418000,418000,417000,417000,0
2/17/2022 17:36:00,414500,414500,414500,414500,0
2/18/2022 17:36:00,417000,417000,417000,417000,0
2/21/2022 17:36:00,417000,417000,409500,409500,0
2/22/2022 17:36:00,415000,416000,415000,416000,0
2/23/2022 17:36:00,417500,417500,414500,414500,0
2/24/2022 17:36:00,405500,405500,405500,405500,0
2/25/2022 17:36:00,411500,421500,411500,421500,0
2/28/2022 17:36:00,428500,428500,428500,428500,0
3/1/2022 17:36:00,425000,425000,425000,425000,0
3/2/2022 17:36:00,432500,439000,432500,439000,0
3/3/2022 17:36:00,441000,441000,441000,441000,0
3/4/2022 17:36:00,445000,445000,443500,443500,0
3/7/2022 17:36:00,446000,448000,446000,448000,0
3/8/2022 17:36:00,440500,440500,440500,440500,0
3/9/2022 17:36:00,447500,447500,447500,447500,0
3/10/2022 17:36:00,441500,441500,440000,440000,0
3/11/2022 17:36:00,452500,452500,452500,452500,0
3/14/2022 17:36:00,449500,453000,449500,453000,0
3/15/2022 17:36:00,446000,454500,446000,454500,0
3/16/2022 17:36:00,456500,458500,456500,458500,0
3/17/2022 17:36:00,458000,462000,458000,462000,0
3/18/2022 17:36:00,461000,461000,461000,461000,0
3/21/2022 17:36:00,470000,474000,470000,474000,0
3/22/2022 17:36:00,474000,480500,474000,480500,0
3/23/2022 17:36:00,477500,477500,474500,474500,0
3/24/2022 17:36:00,478000,478000,478000,478000,0
3/25/2022 17:36:00,487000,487000,487000,487000,0
3/28/2022 17:36:00,484500,490000,484500,490000,0
3/29/2022 17:36:00,494500,494500,482000,482000,0
3/30/2022 17:36:00,477000,477000,477000,477000,0
3/31/2022 17:36:00,474000,483500,474000,483500,0
4/1/2022 17:36:00,478000,478000,478000,478000,0
4/4/2022 17:36:00,471500,471500,471500,471500,0
4/5/2022 17:36:00,477500,478500,477500,478500,0
4/6/2022 17:36:00,476500,476500,475000,475000,0
4/7/2022 17:36:00,472500,472500,472500,472500,0
4/8/2022 17:36:00,478500,486500,478500,486500,0
4/11/2022 17:36:00,479500,485500,479500,485500,0
4/12/2022 17:36:00,489000,489000,488000,488000,0
4/13/2022 17:36:00,485500,485500,478500,478500,0
4/14/2022 17:36:00,479000,480500,479000,480500,0
4/19/2022 17:36:00,481500,483500,481500,483500,0
4/20/2022 17:36:00,481500,483000,481500,483000,0
4/21/2022 17:36:00,481500,481500,481500,481500,0
4/22/2022 17:36:00,477500,477500,472500,472500,0
4/25/2022 17:36:00,467500,467500,464500,464500,0
4/26/2022 17:36:00,473000,473000,472500,472500,0
4/27/2022 17:36:00,472500,475000,472500,475000,0
4/28/2022 17:36:00,474500,474500,471500,471500,0
4/29/2022 17:36:00,468500,468500,468500,468500,0
5/2/2022 17:36:00,457000,457000,457000,457000,0
5/3/2022 17:36:00,455000,462000,455000,462000,0
5/4/2022 17:36:00,457000,457000,457000,457000,0
5/5/2022 17:36:00,462500,462500,462500,462500,3
5/6/2022 17:36:00,454000,454000,454000,454000,0
5/9/2022 17:36:00,453000,453000,450000,450000,0
5/10/2022 17:36:00,447000,447000,447000,447000,0
5/11/2022 17:36:00,446500,450500,446500,450500,0
5/12/2022 17:36:00,442000,442000,442000,442000,0
5/13/2022 17:36:00,450000,450000,450000,450000,0
5/16/2022 17:36:00,447000,447000,444500,444500,0
5/17/2022 17:36:00,446000,447500,446000,447500,0
5/18/2022 17:36:00,448000,448000,442500,442500,0
5/19/2022 17:36:00,429500,429500,429500,429500,0
5/20/2022 17:36:00,431500,431500,431500,431500,0
5/23/2022 17:36:00,435000,439000,435000,439000,0
5/24/2022 17:36:00,426000,426000,426000,426000,0
5/25/2022 17:36:00,434500,434500,434500,434500,0
5/26/2022 17:36:00,433500,438000,433500,438000,0
5/27/2022 17:36:00,435500,441000,435500,441000,0
5/30/2022 17:36:00,447000,447000,444500,444500,0
5/31/2022 17:36:00,443500,443500,443000,443000,0
6/1/2022 17:36:00,444500,444500,437500,437500,0
6/2/2022 17:36:00,435000,435000,435000,435000,0
6/3/2022 17:36:00,436500,436500,436500,436500,0
6/7/2022 17:36:00,438500,438500,436500,436500,0
6/8/2022 17:36:00,438000,438000,435000,435000,0
6/10/2022 17:36:00,426000,426000,418500,418500,0
6/13/2022 17:36:00,415000,415000,412500,412500,0
6/14/2022 17:36:00,409000,409000,405000,405000,0
6/15/2022 17:36:00,398000,401500,398000,401500,0
6/16/2022 17:36:00,387000,387000,387000,387000,0
6/17/2022 17:36:00,385500,385500,385500,385500,0
6/20/2022 17:36:00,384000,384000,383500,383500,0
6/21/2022 17:36:00,386000,386000,386000,386000,0
6/22/2022 17:36:00,384000,384500,384000,384500,0
6/23/2022 17:36:00,381500,381500,381500,381500,0
6/27/2022 17:36:00,396500,396500,396500,396500,0
6/28/2022 17:36:00,396000,396500,396000,396500,0
6/29/2022 17:36:00,392000,395000,392000,395000,0
6/30/2022 17:36:00,391500,391500,391500,391500,0
7/4/2022 17:36:00,395000,395000,395000,395000,0
7/5/2022 17:36:00,399500,399500,399500,399500,0
7/6/2022 17:36:00,403500,403500,403500,403500,0
7/7/2022 17:36:00,411500,411500,411500,411500,0
7/8/2022 17:36:00,412000,415500,412000,415500,0
7/11/2022 17:36:00,413500,415000,413500,415000,0
7/12/2022 17:36:00,415000,419500,415000,419500,0
7/13/2022 17:36:00,415500,415500,412000,412000,0
7/14/2022 17:36:00,409500,409500,409500,409500,0
7/15/2022 17:36:00,415500,415500,415500,415500,0
7/18/2022 17:36:00,415000,415000,412000,412000,0
7/19/2022 17:36:00,408000,413000,408000,413000,0
7/20/2022 17:36:00,420000,420000,420000,420000,0
7/21/2022 17:36:00,417000,417000,417000,417000,0
7/22/2022 17:36:00,422000,422000,422000,422000,0
7/25/2022 17:36:00,423500,423500,423500,423500,0
7/26/2022 17:36:00,425000,425000,425000,425000,0
7/27/2022 17:36:00,425500,425500,425500,425500,0
7/28/2022 17:36:00,429000,429000,429000,429000,0
7/29/2022 17:36:00,440500,440500,440500,440500,0
8/1/2022 17:36:00,436000,436000,436000,436000,0
8/2/2022 17:36:00,433500,433500,433500,433500,0
8/24/2022 17:36:00,438000,438000,438000,438000,0
8/25/2022 17:36:00,448500,448500,448500,448500,0
8/26/2022 17:36:00,441500,441500,441500,441500,0
8/29/2022 17:36:00,432500,432500,432500,432500,0
8/30/2022 17:36:00,434000,434000,434000,434000,0
8/31/2022 17:36:00,430500,430500,430500,430500,0
9/1/2022 17:36:00,422500,422500,422500,422500,0
9/2/2022 17:36:00,427000,427000,427000,427000,0
9/5/2022 17:36:00,423500,423500,423500,423500,0
9/6/2022 17:36:00,421500,421500,421500,421500,0
9/7/2022 17:36:00,420500,421000,420500,421000,0
9/8/2022 17:36:00,425000,425000,425000,425000,0
9/14/2022 17:36:00,421500,421500,421500,421500,0
9/15/2022 17:36:00,422500,422500,422500,422500,0
9/16/2022 17:36:00,414000,414000,414000,414000,0
9/19/2022 17:36:00,414000,414000,414000,414000,0
9/20/2022 17:36:00,421500,421500,418000,418000,0
9/21/2022 17:36:00,423000,424000,423000,424000,0
9/22/2022 17:36:00,414000,414000,414000,414000,0
9/23/2022 17:36:00,414500,414500,414500,414500,0
9/26/2022 17:36:00,417000,417000,417000,417000,0
9/27/2022 17:36:00,415000,415000,415000,415000,0
9/28/2022 17:36:00,418000,418000,418000,418000,0
9/29/2022 17:36:00,415500,415500,415500,415500,0
9/30/2022 17:36:00,421500,421500,421500,421500,0
10/3/2022 17:36:00,416000,416000,416000,416000,0
10/4/2022 17:36:00,423500,423500,423500,423500,0
10/5/2022 17:36:00,423500,424500,423500,424500,0
10/6/2022 17:36:00,427500,427500,427500,427500,0
10/17/2022 17:36:00,427500,427500,427500,427500,0
10/18/2022 17:36:00,430500,430500,430500,430500,0
10/19/2022 17:36:00,435500,435500,435500,435500,0
10/21/2022 17:36:00,429000,429000,429000,429000,0
10/24/2022 17:36:00,437000,437000,437000,437000,0
10/25/2022 17:36:00,438500,438500,438500,438500,0
10/28/2022 17:36:00,450000,450000,450000,450000,0
11/2/2022 17:36:00,449000,449000,449000,449000,0
11/3/2022 17:36:00,441500,441500,441500,441500,0
11/4/2022 17:36:00,432500,432500,432500,432500,0
11/7/2022 17:36:00,434000,434000,434000,434000,0
11/8/2022 17:36:00,438000,438000,438000,438000,0
11/9/2022 17:36:00,439000,439000,439000,439000,0
11/10/2022 17:36:00,443000,443000,443000,443000,0
11/11/2022 17:36:00,449500,449500,449500,449500,0
11/14/2022 17:36:00,453500,453500,453500,453500,0
11/15/2022 17:36:00,451500,451500,451500,451500,0
11/16/2022 17:36:00,451500,451500,447000,447000,0
11/17/2022 17:36:00,449000,449000,449000,449000,0
11/21/2022 17:36:00,455500,455500,455500,455500,0
11/22/2022 17:36:00,456500,461000,456500,461000,0
11/28/2022 17:36:00,459500,459500,459500,459500,0
11/29/2022 17:36:00,457000,457000,457000,457000,0
12/2/2022 17:36:00,451000,451000,451000,451000,0
12/5/2022 17:36:00,452000,452000,450500,450500,0
12/6/2022 17:36:00,447000,447000,443500,443500,0
12/9/2022 17:36:00,438500,439500,438500,439500,0
12/12/2022 17:36:00,440000,440500,440000,440500,0
12/13/2022 17:36:00,447000,447000,447000,447000,0
12/16/2022 17:36:00,429500,429500,428500,428500,0
12/19/2022 17:36:00,428500,428500,428500,428500,0
12/20/2022 17:36:00,429500,429500,429500,429500,0
12/21/2022 17:36:00,432000,439000,432000,439000,0
12/22/2022 17:36:00,440000,440000,432500,432500,0
12/23/2022 17:36:00,430500,434500,430500,434500,0
12/27/2022 17:36:00,437500,437500,436500,436500,0
12/28/2022 17:36:00,435000,435000,435000,435000,0
12/29/2022 17:36:00,438500,438500,438500,438500,0
12/30/2022 17:36:00,439000,439000,437000,437000,0
1/2/2023 17:36:00,440000,440000,440000,440000,0
1/3/2023 17:36:00,444500,444500,443000,443000,0
1/4/2023 17:36:00,444000,448500,444000,448500,0
1/5/2023 17:36:00,446500,446500,446500,446500,0
1/6/2023 17:36:00,453500,453500,453500,453500,0
1/9/2023 17:36:00,451000,451000,451000,451000,0
1/10/2023 17:36:00,445000,445000,444500,444500,0
1/11/2023 17:36:00,446500,446500,446500,446500,0
1/12/2023 17:36:00,447500,447500,447500,447500,0
1/13/2023 17:36:00,444000,444000,444000,444000,0
1/16/2023 17:36:00,444000,445000,444000,445000,0
1/17/2023 17:36:00,443500,444500,443500,444500,0
1/18/2023 17:36:00,440000,440000,436500,436500,0
1/19/2023 17:36:00,431000,431000,428000,428000,0
1/20/2023 17:36:00,427000,430000,427000,430000,0
1/23/2023 17:36:00,431000,433500,431000,433500,0
1/24/2023 17:36:00,431000,432000,431000,432000,0
1/25/2023 17:36:00,432500,432500,429500,429500,0
1/26/2023 17:36:00,432500,433000,432500,433000,0
1/27/2023 17:36:00,431500,432000,431500,432000,0
1/30/2023 17:36:00,430500,431500,430500,431500,0
1/31/2023 17:36:00,430000,430000,429000,429000,0
2/1/2023 17:36:00,434000,434000,430500,430500,0
2/3/2023 17:36:00,433500,433500,433500,433500,0
2/6/2023 17:36:00,431500,434000,431500,434000,0
2/7/2023 17:36:00,435500,437000,435500,437000,0
2/8/2023 17:36:00,441000,441000,440500,440500,0
2/9/2023 17:36:00,438000,438000,437500,437500,0
2/10/2023 17:36:00,433500,438500,433500,438500,0
2/13/2023 17:36:00,441500,443500,441500,443500,0
2/14/2023 17:36:00,443000,443000,440500,440500,0
2/15/2023 17:36:00,439000,441000,439000,441000,0
2/16/2023 17:36:00,438500,438500,438500,438500,0
2/17/2023 17:36:00,438000,438000,436000,436000,0
2/20/2023 17:36:00,437000,437000,436500,436500,0
2/21/2023 17:36:00,436500,436500,430000,430000,0
2/22/2023 17:36:00,431000,433500,431000,433500,0
2/23/2023 17:36:00,433500,433500,433500,433500,0
2/24/2023 17:36:00,433500,434500,433500,434500,0
2/27/2023 17:36:00,438000,438000,434500,434500,0
2/28/2023 17:36:00,434500,434500,434500,434500,0
3/1/2023 17:36:00,436500,436500,431500,431500,0
3/2/2023 17:36:00,434000,436500,434000,436500,0
3/3/2023 17:36:00,440000,442000,440000,442000,0
3/6/2023 17:36:00,444500,446500,444500,446500,0
3/7/2023 17:36:00,450000,450000,448500,448500,0
3/8/2023 17:36:00,447500,447500,447500,447500,0
3/9/2023 17:36:00,447000,447000,445500,445500,0
3/10/2023 17:36:00,435000,435000,435000,435000,0
3/13/2023 17:36:00,429000,429000,429000,429000,0
3/15/2023 17:36:00,425500,425500,425500,425500,0
3/16/2023 17:36:00,428000,428000,428000,428000,0
3/17/2023 17:36:00,427000,427000,419500,419500,0
3/20/2023 17:36:00,424500,424500,424500,424500,0
3/21/2023 17:36:00,428500,428500,428500,428500,0
3/22/2023 17:36:00,428000,428000,428000,428000,0
3/23/2023 17:36:00,418500,418500,418500,418500,0
3/24/2023 17:36:00,419500,419500,419500,419500,0
3/27/2023 17:36:00,422500,424500,422500,424500,0
3/28/2023 17:36:00,423500,423500,423000,423000,0
3/29/2023 17:36:00,426000,426000,425500,425500,0
3/30/2023 17:36:00,422500,422500,422500,422500,0
3/31/2023 17:36:00,424000,427500,424000,427500,0
4/3/2023 17:36:00,431500,431500,429000,429000,0
4/4/2023 17:36:00,426000,426000,426000,426000,0
4/5/2023 17:36:00,430500,430500,430500,430500,0
4/6/2023 17:36:00,431500,431500,431500,431500,0
4/11/2023 17:36:00,440500,440500,440500,440500,0
4/12/2023 17:36:00,440500,441000,440500,441000,0
4/13/2023 17:36:00,440500,441500,440500,441500,0
4/14/2023 17:36:00,442000,451000,442000,451000,0
4/17/2023 17:36:00,452000,453500,452000,453500,0
4/18/2023 17:36:00,455500,455500,451000,451000,0
4/19/2023 17:36:00,452000,452000,451500,451500,0
4/20/2023 17:36:00,450500,450500,450500,450500,0
4/21/2023 17:36:00,451000,451000,451000,451000,0
4/24/2023 17:36:00,450500,451000,450500,451000,0
4/25/2023 17:36:00,450000,454000,450000,454000,0
4/26/2023 17:36:00,447000,447000,447000,447000,0
4/27/2023 17:36:00,451000,451000,451000,451000,0
5/2/2023 17:36:00,449500,449500,449500,449500,0
5/3/2023 17:36:00,449000,449000,449000,449000,0
5/4/2023 17:36:00,441500,445000,441500,445000,0
5/5/2023 17:36:00,444500,446500,444500,446500,0
5/8/2023 17:36:00,445000,452000,445000,452000,0
5/9/2023 17:36:00,455000,455000,455000,455000,0
5/10/2023 17:36:00,455500,455500,451000,451000,0
5/11/2023 17:36:00,450500,451500,449500,449500,1
5/12/2023 17:36:00,452500,452500,452500,452500,0
5/15/2023 17:36:00,453000,453500,453000,453500,0
5/16/2023 17:36:00,454000,457500,454000,457500,0
5/17/2023 17:36:00,459500,461000,459500,461000,0
5/18/2023 17:36:00,466000,466000,466000,466000,0
5/19/2023 17:36:00,469000,469000,469000,469000,0
5/22/2023 17:36:00,468500,468500,467000,467000,0
5/23/2023 17:36:00,463500,463500,462500,462500,0
5/24/2023 17:36:00,455500,455500,452500,452500,0
5/25/2023 17:36:00,453500,453500,451000,451000,0
5/26/2023 17:36:00,451000,454500,451000,454500,0
5/29/2023 17:36:00,455000,456000,455000,456000,0
5/30/2023 17:36:00,456000,456000,454500,454500,0
5/31/2023 17:36:00,456000,456000,456000,456000,0
6/1/2023 17:36:00,457000,457000,455500,455500,0
6/2/2023 17:36:00,467000,467000,467000,467000,0
6/5/2023 17:36:00,470500,470500,466500,466500,0
6/6/2023 17:36:00,465000,471000,465000,471000,0
6/7/2023 17:36:00,475500,475500,473000,473000,0
6/8/2023 17:36:00,477500,477500,475000,475000,0
6/9/2023 17:36:00,477500,477500,477500,477500,0
6/12/2023 17:36:00,476000,476000,472500,472500,0
6/13/2023 17:36:00,472500,474000,472500,474000,0
6/14/2023 17:36:00,476000,477500,476000,477500,0
6/15/2023 17:36:00,474000,474000,474000,474000,0
6/16/2023 17:36:00,472500,472500,472500,472500,0
6/19/2023 17:36:00,470000,470000,469000,469000,0
6/20/2023 17:36:00,469000,472500,469000,472500,0
6/21/2023 17:36:00,472500,472500,472500,472500,0
6/22/2023 17:36:00,468000,469500,468000,469500,0
6/23/2023 17:36:00,467000,469500,467000,469500,0
6/26/2023 17:36:00,468500,468500,463000,463000,0
6/27/2023 17:36:00,465000,465000,465000,465000,0
6/28/2023 17:36:00,466500,466500,465000,465000,0
6/29/2023 17:36:00,468000,468000,468000,468000,0
6/30/2023 17:36:00,471000,472500,471000,472500,0
7/3/2023 17:36:00,475500,475500,475000,475000,0
7/4/2023 17:36:00,475500,476000,475500,476000,0
7/5/2023 17:36:00,476500,476500,476500,476500,0
7/6/2023 17:36:00,478000,478000,477500,477500,0
7/7/2023 17:36:00,476500,476500,475500,475500,0
7/10/2023 17:36:00,475000,476000,475000,476000,0
7/11/2023 17:36:00,469500,472500,469500,472500,0
7/12/2023 17:36:00,472500,472500,472000,472000,0
7/13/2023 17:36:00,471500,471500,469000,469000,0
7/14/2023 17:36:00,463500,463500,463500,463500,0
7/17/2023 17:36:00,459500,465500,459500,465500,0
7/18/2023 17:36:00,464500,469000,464500,469000,0
7/19/2023 17:36:00,468500,468500,465000,465000,0
7/20/2023 17:36:00,464000,469500,464000,469500,0
7/21/2023 17:36:00,475500,475500,475500,475500,0
7/24/2023 17:36:00,473500,481000,473500,481000,0
7/25/2023 17:36:00,481000,481000,478000,478000,0
7/26/2023 17:36:00,477500,480500,477500,480500,0
7/27/2023 17:36:00,479500,485500,479500,485500,0
7/28/2023 17:36:00,485500,485500,484000,484000,0
7/31/2023 17:36:00,484000,485500,484000,485500,0
8/1/2023 17:36:00,487500,487500,487000,487000,0
8/2/2023 17:36:00,487500,487500,487500,487500,0
8/3/2023 17:36:00,488500,489000,488500,489000,0
8/4/2023 17:36:00,495000,495000,487000,487000,0
8/7/2023 17:36:00,487500,499000,487500,499000,0
8/8/2023 17:36:00,501000,504500,501000,504500,0
8/9/2023 17:36:00,504500,504500,500500,500500,0
8/10/2023 17:36:00,498000,499500,498000,499500,0
8/11/2023 17:36:00,495000,495500,495000,495500,0
8/14/2023 17:36:00,496000,498000,496000,498000,0
8/15/2023 17:36:00,497000,497000,495000,495000,0
8/16/2023 17:36:00,493000,497000,493000,497000,0
8/17/2023 17:36:00,495000,496500,495000,496500,0
8/18/2023 17:36:00,493500,493500,493500,493500,0
8/21/2023 17:36:00,493000,493000,490500,490500,0
8/22/2023 17:36:00,489500,491000,489500,491000,0
8/23/2023 17:36:00,491000,493500,491000,493500,0
8/24/2023 17:36:00,498000,498000,498000,498000,0
8/25/2023 17:36:00,499500,500500,499500,500500,0
8/28/2023 17:36:00,500500,500500,499500,499500,0
8/29/2023 17:36:00,499500,499500,499000,499000,0
8/30/2023 17:36:00,500500,502000,500500,502000,0
8/31/2023 17:36:00,502500,504500,502500,504500,0
9/1/2023 17:36:00,504500,508500,504500,508500,0
9/4/2023 17:36:00,508000,508000,508000,508000,0
9/6/2023 17:36:00,509000,509500,509000,509500,0
9/7/2023 17:36:00,514500,514500,514500,514500,0
9/8/2023 17:36:00,514500,514500,514500,514500,0
9/11/2023 17:36:00,515500,515500,515500,515500,0
9/12/2023 17:36:00,517000,521500,517000,521500,0
9/13/2023 17:36:00,519000,519000,519000,519000,0
9/14/2023 17:36:00,524500,524500,524500,524500,0
9/15/2023 17:36:00,528000,528000,525000,525000,0
9/18/2023 17:36:00,525500,525500,525500,525500,0
9/19/2023 17:36:00,527500,527500,526500,526500,0
9/20/2023 17:36:00,527000,527000,525500,525500,0
9/21/2023 17:36:00,517500,517500,517500,517500,0
9/22/2023 17:36:00,518000,518000,516000,516000,0
9/25/2023 17:36:00,514000,516000,514000,516000,0
9/26/2023 17:36:00,516000,516000,515000,515000,0
9/27/2023 17:36:00,517500,517500,516000,516000,0
9/28/2023 17:36:00,516500,516500,515500,515500,0
9/29/2023 17:36:00,512000,512000,508000,508000,0
10/2/2023 17:36:00,504500,504500,502500,502500,0
10/3/2023 17:36:00,497500,497500,497500,497500,0
10/4/2023 17:36:00,492500,492500,492500,492500,0
10/5/2023 17:36:00,495500,495500,494500,494500,0
10/6/2023 17:36:00,497000,497000,495500,495500,0
10/9/2023 17:36:00,496000,496000,495500,495500,0
10/10/2023 17:36:00,496500,499000,496500,499000,0
10/11/2023 17:36:00,497000,497000,497000,497000,0
10/12/2023 17:36:00,499000,499000,498000,498000,0
10/13/2023 17:36:00,498500,499000,498500,499000,0
10/16/2023 17:36:00,498000,501500,498000,501500,0
10/17/2023 17:36:00,500000,500000,498500,498500,0
10/18/2023 17:36:00,498000,498000,495000,495000,0
10/19/2023 17:36:00,489000,489000,489000,489000,0
10/20/2023 17:36:00,482500,482500,482500,482500,0
10/23/2023 17:36:00,483500,483500,482500,482500,0
10/24/2023 17:36:00,481500,487000,481500,487000,0
10/25/2023 17:36:00,487500,487500,487500,487500,0
10/27/2023 17:36:00,478500,478500,478500,478500,0
10/30/2023 17:36:00,479500,480000,479500,480000,0
10/31/2023 17:36:00,482500,487500,482500,487500,0
11/1/2023 17:36:00,493500,493500,493500,493500,0
11/2/2023 17:36:00,493500,497500,493500,497500,0
11/3/2023 17:36:00,499000,499000,499000,499000,0
11/6/2023 17:36:00,497500,497500,488500,488500,0
11/7/2023 17:36:00,491000,491000,490500,490500,0
11/8/2023 17:36:00,491500,491500,491500,491500,0
11/9/2023 17:36:00,492000,494500,492000,494500,0
11/10/2023 17:36:00,497000,498500,497000,498500,0
11/13/2023 17:36:00,496500,496500,496500,496500,0
11/14/2023 17:36:00,496000,496000,496000,496000,0
11/15/2023 17:36:00,499000,499000,499000,499000,0
11/16/2023 17:36:00,500500,502500,500500,502500,0
11/17/2023 17:36:00,505500,505500,502000,502000,0
11/20/2023 17:36:00,501500,501500,501500,501500,0
11/21/2023 17:36:00,502500,502500,502500,502500,0
11/22/2023 17:36:00,505500,505500,505500,505500,0
11/23/2023 17:36:00,504000,505000,504000,505000,0
11/24/2023 17:36:00,504500,504500,502500,502500,0
11/27/2023 17:36:00,500500,500500,500500,500500,0
11/28/2023 17:36:00,500500,500500,499500,499500,0
11/29/2023 17:36:00,498000,498000,498000,498000,0
11/30/2023 17:36:00,498000,501000,498000,501000,0
12/1/2023 17:36:00,497500,497500,497500,497500,0
12/4/2023 17:36:00,499000,499000,497000,497000,0
12/5/2023 17:36:00,501500,501500,499500,499500,0
12/6/2023 17:36:00,499500,499500,499500,499500,0
12/7/2023 17:36:00,497000,497000,497000,497000,0
12/11/2023 17:36:00,510000,510000,510000,510000,0
12/12/2023 17:36:00,508000,511500,508000,511500,0
12/13/2023 17:36:00,510000,513500,510000,513500,0
12/14/2023 17:36:00,501000,501000,501000,501000,0
12/15/2023 17:36:00,501500,501500,500000,500000,0
12/18/2023 17:36:00,499000,507500,499000,507500,0
12/19/2023 17:36:00,504000,504000,504000,504000,0
12/20/2023 17:36:00,502500,502500,502500,502500,0
12/21/2023 17:36:00,500500,500500,496500,496500,0
12/22/2023 17:36:00,490500,491500,490500,491500,0
12/27/2023 17:36:00,492500,492500,488500,488500,0
12/28/2023 17:36:00,489500,491500,489500,491500,0
12/29/2023 17:36:00,493000,493000,493000,493000,0
1/2/2024 17:36:00,497000,497000,497000,497000,0
1/3/2024 17:36:00,509500,509500,509500,509500,0
1/4/2024 17:36:00,509000,509000,509000,509000,0
1/5/2024 17:36:00,504500,505000,504500,505000,0
1/8/2024 17:36:00,505500,505500,505000,505000,0
1/9/2024 17:36:00,509500,509500,507500,507500,0
1/10/2024 17:36:00,509000,509000,508500,508500,0
1/11/2024 17:36:00,509000,509000,503500,503500,0
1/12/2024 17:36:00,503000,503000,503000,503000,0
1/15/2024 17:36:00,503500,503500,503000,503000,0
1/16/2024 17:36:00,503500,504000,503500,504000,0
1/17/2024 17:36:00,502000,506000,502000,506000,0
1/18/2024 17:36:00,501000,501000,501000,501000,0
1/19/2024 17:36:00,505500,507500,505500,507500,0
1/22/2024 17:36:00,512000,513500,512000,513500,0
1/23/2024 17:36:00,512000,520000,512000,520000,0
1/24/2024 17:36:00,520000,524500,520000,524500,0
1/25/2024 17:36:00,525500,529500,525500,529500,0
1/26/2024 17:36:00,534000,534000,534000,534000,0
1/29/2024 17:36:00,537500,537500,532500,532500,0
1/30/2024 17:36:00,534000,538000,534000,538000,0
1/31/2024 17:36:00,541000,541000,536500,536500,0
2/1/2024 17:36:00,536500,536500,531500,531500,0
2/2/2024 17:36:00,534500,544500,534500,544500,0
2/5/2024 17:36:00,545500,549000,545500,549000,0
2/6/2024 17:36:00,548500,549000,548500,549000,0
2/7/2024 17:36:00,550500,556500,550500,556500,0
2/8/2024 17:36:00,554000,554000,554000,554000,0
2/9/2024 17:36:00,553500,553500,553500,553500,0
2/12/2024 17:36:00,554500,557000,554500,557000,0
2/13/2024 17:36:00,554500,554500,554500,554500,0
2/14/2024 17:36:00,555500,556000,555500,556000,0
2/15/2024 17:36:00,561000,561000,561000,561000,0
2/16/2024 17:36:00,563500,564000,563500,564000,0
2/19/2024 17:36:00,566500,566500,566500,566500,0
2/20/2024 17:36:00,566000,571500,566000,571500,0
2/21/2024 17:36:00,566500,568500,566500,568500,0
2/22/2024 17:36:00,574000,574000,574000,574000,0
2/23/2024 17:36:00,578000,581500,578000,581500,0
2/26/2024 17:36:00,580500,580500,580500,580500,0
2/27/2024 17:36:00,567000,567000,559500,559500,0
2/28/2024 17:36:00,575500,575500,575500,575500,0
2/29/2024 17:36:00,572000,572000,572000,572000,0
3/5/2024 17:36:00,560000,560000,560000,560000,0
3/7/2024 17:36:00,554000,554000,554000,554000,0
3/8/2024 17:36:00,554000,554000,554000,554000,0
3/11/2024 17:36:00,556000,557500,556000,557500,0
3/12/2024 17:36:00,557500,560000,557500,560000,0
3/13/2024 17:36:00,558500,558500,558500,558500,0
3/14/2024 17:36:00,562500,562500,562500,562500,0
3/15/2024 17:36:00,560500,560500,560500,560500,0
3/18/2024 17:36:00,567000,568000,567000,568000,0
3/19/2024 17:36:00,569000,572000,569000,572000,0
3/20/2024 17:36:00,572500,575500,572500,575500,0
3/21/2024 17:36:00,578500,578500,578500,578500,0
3/22/2024 17:36:00,576500,576500,576500,576500,0
3/25/2024 17:36:00,571500,571500,571500,571500,0
3/26/2024 17:36:00,572000,575000,572000,575000,0
3/27/2024 17:36:00,579000,579000,579000,579000,0
3/28/2024 17:36:00,584000,584000,584000,584000,0
4/2/2024 17:36:00,586000,586000,586000,586000,0
4/3/2024 17:36:00,584500,584500,584000,584000,0
4/4/2024 17:36:00,587500,587500,587500,587500,0
4/5/2024 17:36:00,582500,582500,582500,582500,0
4/8/2024 17:36:00,582000,582000,582000,582000,0
4/9/2024 17:36:00,579000,579000,579000,579000,0
4/10/2024 17:36:00,578000,578000,578000,578000,0
4/11/2024 17:36:00,574000,574000,574000,574000,0
4/12/2024 17:36:00,575500,575500,575500,575500,0
4/15/2024 17:36:00,573500,573500,573500,573500,0
4/16/2024 17:36:00,568500,568500,565500,565500,0
4/17/2024 17:36:00,562500,562500,562500,562500,0
4/18/2024 17:36:00,564000,564000,564000,564000,0
4/22/2024 17:36:00,576000,576000,576000,576000,0
4/23/2024 17:36:00,580500,580500,575500,575500,0
4/24/2024 17:36:00,576000,576000,572000,572000,0
4/25/2024 17:36:00,569500,569500,569500,569500,0
4/26/2024 17:36:00,571000,571000,568500,568500,0
4/29/2024 17:36:00,568000,568000,567500,567500,0
4/30/2024 17:36:00,564000,564000,564000,564000,0
5/2/2024 17:36:00,562000,563000,562000,563000,0
5/3/2024 17:36:00,562500,562500,562500,562500,0
5/6/2024 17:36:00,561000,561500,561000,561500,0
5/7/2024 17:36:00,566500,567000,566500,567000,0
5/8/2024 17:36:00,569000,569000,569000,569000,0
5/9/2024 17:36:00,569000,569000,569000,569000,0
5/10/2024 17:36:00,575500,575500,575500,575500,0
5/13/2024 17:36:00,578500,578500,576500,576500,0
5/14/2024 17:36:00,571000,571000,571000,571000,0
5/15/2024 17:36:00,572500,572500,572500,572500,0
5/16/2024 17:36:00,573500,577500,573500,577500,0
5/17/2024 17:36:00,576500,576500,576500,576500,0
5/20/2024 17:36:00,579000,579000,579000,579000,0
5/21/2024 17:36:00,573000,577500,573000,577500,0
5/22/2024 17:36:00,577000,577000,577000,577000,0
5/23/2024 17:36:00,580500,580500,572000,572000,0
5/24/2024 17:36:00,566500,566500,566500,566500,0
5/27/2024 17:36:00,567500,567500,567500,567500,0
5/28/2024 17:36:00,567500,567500,567500,567500,0
5/29/2024 17:36:00,559500,559500,559500,559500,0
5/30/2024 17:36:00,560500,560500,560500,560500,0
5/31/2024 17:36:00,571500,571500,571500,571500,0
6/3/2024 17:36:00,580000,580000,580000,580000,0
6/4/2024 17:36:00,579000,579000,565000,565000,0
6/5/2024 17:36:00,569000,569000,565500,565500,0
6/6/2024 17:36:00,567500,567500,567500,567500,0
6/7/2024 17:36:00,570000,577000,570000,577000,0
6/10/2024 17:36:00,578000,578000,576000,576000,0
6/11/2024 17:36:00,573500,573500,572500,572500,0
6/12/2024 17:36:00,568500,568500,568500,568500,0
6/14/2024 17:36:00,570000,572000,570000,572000,0
6/17/2024 17:36:00,571500,571500,571500,571500,0
6/18/2024 17:36:00,572500,572500,572500,572500,0
6/19/2024 17:36:00,572000,572000,572000,572000,0
6/20/2024 17:36:00,573500,573500,568500,568500,0
6/21/2024 17:36:00,576000,576000,576000,576000,0
6/24/2024 17:36:00,575000,575000,575000,575000,0
6/25/2024 17:36:00,582500,582500,582500,582500,0
6/26/2024 17:36:00,576500,576500,576500,576500,0
6/27/2024 17:36:00,576500,576500,576500,576500,0
6/28/2024 17:36:00,576000,576000,573000,573000,0
7/1/2024 17:36:00,568000,568000,568000,568000,0
7/2/2024 17:36:00,568500,568500,568500,568500,0
7/3/2024 17:36:00,568000,568000,564500,564500,0
7/4/2024 17:36:00,566500,567500,566500,567500,0
7/5/2024 17:36:00,568000,568500,565000,567500,0
7/8/2024 17:36:00,571000,571500,571000,571000,0
7/9/2024 17:36:00,569000,572000,568500,572000,0
7/10/2024 17:36:00,572000,573500,572000,573500,0
7/11/2024 17:36:00,574500,574500,572500,574500,0
7/12/2024 17:36:00,579000,584000,578500,584000,0
7/15/2024 17:36:00,588500,595500,586500,595500,0
7/16/2024 17:36:00,600000,604500,599500,604000,0
7/17/2024 17:36:00,604000,610000,602000,610000,0
7/18/2024 17:36:00,616500,618000,614500,618000,0
7/19/2024 17:36:00,608000,610500,608000,610500,0
7/22/2024 17:36:00,600500,602000,600500,600500,0
7/23/2024 17:36:00,602000,605500,602000,602500,0
7/24/2024 17:36:00,598500,598500,598500,598500,0
7/25/2024 17:36:00,601000,602000,599000,602000,0
7/26/2024 17:36:00,601000,605000,601000,605000,0
7/29/2024 17:36:00,607500,608500,607500,608500,0
7/30/2024 17:36:00,608500,616000,608500,616000,0
7/31/2024 17:36:00,617500,617500,609000,609000,0
8/1/2024 17:36:00,610500,612000,604500,604500,0
8/2/2024 17:36:00,596000,596000,586000,586000,0
8/5/2024 17:36:00,573000,573000,563500,566500,0
8/6/2024 17:36:00,570500,577000,570500,577000,0
8/7/2024 17:36:00,583000,592500,583000,592500,0
8/8/2024 17:36:00,586500,593000,586500,593000,0
8/9/2024 17:36:00,596500,596500,593500,593500,0
8/12/2024 17:36:00,593000,593000,590500,590500,0
8/13/2024 17:36:00,593000,593500,589000,589000,0
8/14/2024 17:36:00,591000,595000,589000,595000,0
8/15/2024 17:36:00,598500,604000,598000,603000,0
8/16/2024 17:36:00,603000,604500,602000,604500,0
8/19/2024 17:36:00,603500,609000,603500,609000,0
8/20/2024 17:36:00,608000,608000,605000,605000,0
8/21/2024 17:36:00,606000,607500,600500,600500,0
8/22/2024 17:36:00,602000,605500,602000,605500,0
8/23/2024 17:36:00,608000,608500,606000,606000,0
8/26/2024 17:36:00,608500,612500,608500,612500,0
8/27/2024 17:36:00,611500,617000,610500,617000,0
8/28/2024 17:36:00,620000,628000,620000,628000,0
8/29/2024 17:36:00,632000,632500,631500,632500,0
8/30/2024 17:36:00,634500,638500,634500,638500,0
9/2/2024 17:36:00,646000,647000,642500,647000,0
9/3/2024 17:36:00,646000,655000,643500,655000,0
9/4/2024 17:36:00,645500,651500,645500,647500,0
9/5/2024 17:36:00,645500,647000,634500,634500,0
9/6/2024 17:36:00,625000,628000,623500,628000,0
9/9/2024 17:36:00,626000,631000,626000,631000,0
9/10/2024 17:36:00,623000,627000,623000,625000,0
9/11/2024 17:36:00,621500,622500,609000,609000,0
9/12/2024 17:36:00,619000,619000,613500,613500,0
9/13/2024 17:36:00,610500,611000,610000,611000,0
9/16/2024 17:36:00,604500,606500,604500,605500,0
9/17/2024 17:36:00,609500,619000,609500,619000,0
9/18/2024 17:36:00,616000,616500,616000,616500,0
9/19/2024 17:36:00,621500,622500,616000,616000,0
9/20/2024 17:36:00,615500,617000,615000,615000,0
9/23/2024 17:36:00,614500,618500,614500,615500,0
9/24/2024 17:36:00,617500,617500,612500,612500,0
9/25/2024 17:36:00,609500,612000,609500,609500,0
9/26/2024 17:36:00,612500,614000,610500,612000,0
9/27/2024 17:36:00,613000,615500,611500,615500,0
9/30/2024 17:36:00,614000,614000,612000,613500,0
10/1/2024 17:36:00,620500,623000,620500,620500,0
10/2/2024 17:36:00,617500,621500,617000,621500,0
10/3/2024 17:36:00,619000,619000,615000,615000,0
10/4/2024 17:36:00,616000,625000,616000,625000,0
10/7/2024 17:36:00,632000,632000,622500,622500,0
10/8/2024 17:36:00,618500,622500,618500,622500,0
10/9/2024 17:36:00,617500,625000,617500,625000,0
10/10/2024 17:36:00,624000,627000,623500,623500,0
10/11/2024 17:36:00,624000,632000,622500,632000,0
10/14/2024 17:36:00,632500,635000,632500,635000,0
10/15/2024 17:36:00,630000,638000,630000,638000,0
10/16/2024 17:36:00,637500,642000,637000,642000,0
10/17/2024 17:36:00,645000,645000,641000,641000,0
10/18/2024 17:36:00,644000,644500,641500,641500,0
10/21/2024 17:36:00,644500,644500,640500,640500,0
10/22/2024 17:36:00,643500,643500,640000,640000,0
10/23/2024 17:36:00,640500,641000,639000,641000,0
10/24/2024 17:36:00,643000,643500,634500,634500,0
10/25/2024 17:36:00,635000,636000,631500,631500,0
10/28/2024 17:36:00,634000,635000,632500,635000,0
10/29/2024 17:36:00,636500,637500,633000,633000,0
10/30/2024 17:36:00,631000,631500,629000,631000,0
10/31/2024 17:36:00,626500,627500,626500,627500,0
11/1/2024 17:36:00,624000,628500,624000,627500,0
11/4/2024 17:36:00,622500,622500,608000,608000,0
11/5/2024 17:36:00,611500,611500,609000,609500,0
11/6/2024 17:36:00,633500,650500,633500,650500,0
11/7/2024 17:36:00,655000,655000,644000,644000,0
11/8/2024 17:36:00,639500,646500,638500,646500,0
11/11/2024 17:36:00,652000,659000,652000,659000,0
11/12/2024 17:36:00,658500,660500,658500,660500,0
11/13/2024 17:36:00,659000,661500,657500,661500,0
11/14/2024 17:36:00,666000,668500,664000,664000,0